date,tavg,tmin,tmax,prcp,snow,wdir,wspd,wpgt,pres,tsun
2022-01-01 00:00:00,2.7,-1,8.8,0,,,6,16,1030.1,
2022-01-02 00:00:00,4.3,-2.5,11.1,0,,,7.1,35,1024.9,
2022-01-03 00:00:00,10,8.5,11.3,0,,,12.7,39,1019.8,
2022-01-04 00:00:00,11.4,7.5,15.3,1.4,,,22.2,74,1003.2,
2022-01-05 00:00:00,2.1,-2,5.7,14.5,,,13.5,41,1012,
2022-01-06 00:00:00,0,-3.8,2,0.8,,,4.8,14.8,1021.7,
2022-01-07 00:00:00,0.1,-2.3,1.9,0.7,,,10.7,34,1021.8,
2022-01-08 00:00:00,2.2,-0.2,3.6,2.8,,,14.2,47,1015,
2022-01-09 00:00:00,2.7,0.1,4,11.3,,,16,63,1006.8,
2022-01-10 00:00:00,0.7,-0.8,2.7,1.8,,,6.9,27,1020.6,
2022-01-11 00:00:00,1.5,-0.8,3.3,0,,,12.3,40,1031.8,
2022-01-12 00:00:00,-0.7,-4.3,1.5,0,,,11.6,32,1038.6,
2022-01-13 00:00:00,-1.7,-4.6,1.6,0,,,9.3,27,1041.6,
2022-01-14 00:00:00,-1.9,-5.5,3.5,0,,,3.8,13,1038.3,
2022-01-15 00:00:00,-1.9,-5.4,3.5,0,,,5.2,14,1030.4,
2022-01-16 00:00:00,-0.3,-2.7,3.4,0,,,8.5,30,1030.9,
2022-01-17 00:00:00,2.4,0.3,6.2,0,,,7.8,26,1037,
2022-01-18 00:00:00,1.7,-2.9,4.4,0,,,9.3,37,1037.1,
2022-01-19 00:00:00,1.9,0.2,4.1,0,,,10.1,41,1031,
2022-01-20 00:00:00,1.8,-1.4,4.3,0.3,,,8.4,32,1029.6,
2022-01-21 00:00:00,-0.4,-4.4,2.7,0,,,4.6,33,1034.9,
2022-01-22 00:00:00,0.1,-3.4,4.5,0,,,4.3,14.8,1036.4,
2022-01-23 00:00:00,0.4,-4.8,4.7,0,,,9.2,32,1035.6,
2022-01-24 00:00:00,0.3,-2.6,1.4,0,,,7.4,21,1035,
2022-01-25 00:00:00,0.4,-3.5,4.6,0,,,6.3,18,1035.3,
2022-01-26 00:00:00,-0.7,-4.8,4.8,0,,,6.7,17,1034.3,
2022-01-27 00:00:00,-0.8,-3.5,3.7,2.8,,,8.7,30,1032.8,
2022-01-28 00:00:00,2.3,0.5,6.1,0,,,5.4,21,1036.9,
2022-01-29 00:00:00,2.7,-2.5,7.4,0,,,9.9,39,1034.7,
2022-01-30 00:00:00,5.3,-1.5,8.8,0,,,10.1,38,1030.4,
2022-01-31 00:00:00,2.7,-0.3,4.3,5.4,,,18.4,72,1019.4,
2022-02-01 00:00:00,1.8,1,3,1.3,,,18.9,54,1024.4,
2022-02-02 00:00:00,5.7,3,7,2,,,14.4,42.6,1023.2,
2022-02-03 00:00:00,5.9,4.4,7.7,0.1,,,6,16,1021.7,
2022-02-04 00:00:00,5.3,2.1,6.9,0.2,,,12.2,44,1018.8,
2022-02-05 00:00:00,3.4,-0.5,7.1,2,,,9.4,36,1026,
2022-02-06 00:00:00,3.6,-1.2,7.2,0.6,,,25.8,87,1021.7,
2022-02-07 00:00:00,3.5,-2,6.8,6.3,,,18.4,91,1025.2,
2022-02-08 00:00:00,2.6,-2.4,9.6,0,,,7.4,18,1035.5,
2022-02-09 00:00:00,2.5,-4.8,11.6,0,,,5.1,18,1031.9,
2022-02-10 00:00:00,4.4,-1,11.7,0,,,9.4,35,1026.6,
2022-02-11 00:00:00,4.6,-0.8,6.7,9.7,,,7.7,35,1030.2,
2022-02-12 00:00:00,0.6,-3.3,5.3,0,,,7.6,18,1030.9,
2022-02-13 00:00:00,1.5,-4.7,9.4,0,,,6.1,19,1022.1,
2022-02-14 00:00:00,2.1,-3.9,7.3,0.1,,,6.8,34,1012.5,
2022-02-15 00:00:00,4.7,2.2,7.9,0.4,,,11,34,1017.2,
2022-02-16 00:00:00,5.4,2,8.8,4.5,,,17.2,51.8,1015.3,
2022-02-17 00:00:00,10.3,7.6,13.3,5.8,,,28.2,82,1014.4,
2022-02-18 00:00:00,9.9,6.6,14.3,0.8,,,17.4,77,1013.1,
2022-02-19 00:00:00,4.9,0.3,8,1.5,,,12.6,57,1021.1,
2022-02-20 00:00:00,7.3,2.2,11,0,,,25.3,66,1021.1,
2022-02-21 00:00:00,5.8,3.2,9.5,7.2,,,27,74,1013.7,
2022-02-22 00:00:00,6.1,3.6,8.6,1.7,,,17.7,45,1025,
2022-02-23 00:00:00,7.3,2.3,11.6,0.5,,,7.9,33.3,1027.1,
2022-02-24 00:00:00,5.4,-2.6,10.9,0,,,13,54,1020.4,
2022-02-25 00:00:00,3.5,-0.7,7.3,0.9,,,12.6,59,1027.8,
2022-02-26 00:00:00,2.2,-1.2,6.6,0.6,,,13.9,42,1033.2,
2022-02-27 00:00:00,2.1,-4.9,7.4,0,,,16,54,1029.9,
2022-02-28 00:00:00,1.1,-5,8,0,,,6.2,28,1031.6,
2022-03-01 00:00:00,1.4,-6.2,8,,,,5.7,33,1029.3,
2022-03-02 00:00:00,1.8,-5.6,9.3,0,,,3.7,15,1024.3,
2022-03-03 00:00:00,4.7,-3,12.7,0,,,6.2,20,1018.1,
2022-03-04 00:00:00,3,-2.8,9,0,,,12.7,33.3,1018.6,
2022-03-05 00:00:00,0.9,-5,7.2,0,,,10.9,31,1019.8,
2022-03-06 00:00:00,0.3,-5,5.5,0,,,14.5,39,1020.9,
2022-03-07 00:00:00,0.5,-4.3,5.5,0,,,14.2,40,1022.5,
2022-03-08 00:00:00,0,-6.8,6.3,0,,,8.9,28,1022.9,
2022-03-09 00:00:00,2.1,-6,12.2,0,,,3.7,16.7,1025.3,
2022-03-10 00:00:00,3.7,-5.1,13.7,0,,,7.6,32,1024.6,
2022-03-11 00:00:00,4,-4.7,12.8,0,,,6.4,32,1019.5,
2022-03-12 00:00:00,6.6,0.7,13.5,0,,,9.1,36,1019.3,
2022-03-13 00:00:00,6.9,-2.1,16.7,0,,,7.6,33,1016.5,
2022-03-14 00:00:00,9.3,4,14.1,0.6,,,10,44,1027.1,
2022-03-15 00:00:00,6.6,4.6,8.2,2,,,7.2,23,1027,
2022-03-16 00:00:00,8.2,1.9,14.5,0,,,8.4,22.2,1023.9,
2022-03-17 00:00:00,8.9,3.2,15.3,0,,,9.9,37,1026.2,
2022-03-18 00:00:00,9,6.8,11.5,0.1,,,24,71,1033.7,
2022-03-19 00:00:00,8.1,3.4,12.8,0,,,21.2,72,1032.1,
2022-03-20 00:00:00,7.3,-1,16.4,,,,6.5,23,1029.4,
2022-03-21 00:00:00,7.6,-1.6,16,0,,,10.4,40,1031.7,
2022-03-22 00:00:00,7.3,-1.3,16.5,0,,,4.6,22,1031.4,
2022-03-23 00:00:00,7.8,-2.7,18,0,,,4.6,20.4,1030.3,
2022-03-24 00:00:00,8.6,-0.6,18.6,0,,,4.1,19,1028,
2022-03-25 00:00:00,9.6,-0.6,18.8,0,,,9.4,42,1026.2,
2022-03-26 00:00:00,11.4,2.6,19.1,0,,,15.9,45,1026.1,
2022-03-27 00:00:00,10.8,1.8,19.5,0,,,6.6,22.2,1027.3,
2022-03-28 00:00:00,10.2,0.6,20,0,,,6.2,25,1023.9,
2022-03-29 00:00:00,11.5,4.5,18.1,0,,,9.8,35,1012.1,
2022-03-30 00:00:00,9.9,7.9,12.9,8.8,,,7.7,30,1002.9,
2022-03-31 00:00:00,7.9,6,10.2,,,,7.7,32,996.5,
2022-04-01 00:00:00,3,0.4,5.9,12.1,,,10.3,37,1000.3,
2022-04-02 00:00:00,0.3,-0.6,1.5,3.3,,,10.3,29,1009.8,
2022-04-03 00:00:00,0.8,-1.2,2.5,0,,,12.9,36,1020.3,
2022-04-04 00:00:00,3,-3.4,8.4,0,,,11.3,44,1020.2,
2022-04-05 00:00:00,7.5,4.2,12.3,0,,,11.5,32,1015.2,
2022-04-06 00:00:00,10.9,7.3,16.6,0,,,9.9,35,1009,
2022-04-07 00:00:00,10.3,8.5,12.1,,,,28.9,89,1003.3,
2022-04-08 00:00:00,10.5,7.7,14.3,24.8,,,24.9,80,1002.2,
2022-04-09 00:00:00,6.2,2.7,13,3.1,,,15.8,82,1012.1,
2022-04-10 00:00:00,5.5,0.3,11,0.1,,,6.4,33,1022.1,
2022-04-11 00:00:00,7.5,-0.4,16.6,0,,,5.1,21,1018,
2022-04-12 00:00:00,11.3,1.3,21,0,,,4.8,15,1013.9,
2022-04-13 00:00:00,14.9,5.9,23.2,0,,,5.7,25,1014.6,
2022-04-14 00:00:00,15.4,7.8,22.7,0,,,8.4,30,1018.4,
2022-04-15 00:00:00,15.7,11.1,20.8,2.1,,,10.1,36,1022.5,
2022-04-16 00:00:00,11.2,8.1,14.6,0,,,20,48.2,1026.1,
2022-04-17 00:00:00,9.4,2.7,15,0,,,21.3,57,1024.1,
2022-04-18 00:00:00,9.3,1.3,17,0,,,9.5,32,1017.4,
2022-04-19 00:00:00,10.9,1.4,18,0,,,5.6,42,1012.3,
2022-04-20 00:00:00,11.1,4.7,16,0,,,15.8,41,1011.1,
2022-04-21 00:00:00,10.5,2.4,17.2,0,,,14.1,41,1007.5,
2022-04-22 00:00:00,10.5,3.9,16.9,0,,,10.8,38,1001.5,
2022-04-23 00:00:00,10.2,6.6,13.2,0,,,12.2,32,1000.8,
2022-04-24 00:00:00,9.1,6.7,11.5,16.3,,,13.3,64,1002.3,
2022-04-25 00:00:00,10.5,8.9,14.8,3.9,,,9.3,32,1010.4,
2022-04-26 00:00:00,9.1,7,12.1,,,,8.8,42,1016.2,
2022-04-27 00:00:00,10.1,4.4,15.8,0,,,13.9,37,1021.7,
2022-04-28 00:00:00,11.6,2.3,18.5,0,,,13,44,1025.4,
2022-04-29 00:00:00,12.3,4.4,18.6,0,,,6.6,40,1024.7,
2022-04-30 00:00:00,11.3,8.8,15,7.7,,,5.8,33,1022.3,
2022-05-01 00:00:00,11.2,6.9,16.6,0,,,8.2,24,1020.5,
2022-05-02 00:00:00,11.6,3.9,19,0,,,7.5,28,1016,
2022-05-03 00:00:00,12.2,6.2,19.8,2.2,,,6,43,1015.1,
2022-05-04 00:00:00,12.5,6.6,19.4,0.1,,,6.2,37,1017.1,
2022-05-05 00:00:00,12,10.4,14.8,23.9,,,6.9,31,1020.2,
2022-05-06 00:00:00,12.1,10.2,15.1,11.4,,,8.7,26,1022.5,
2022-05-07 00:00:00,13.1,9.6,18.1,0.7,,,9.4,31.5,1021.8,
2022-05-08 00:00:00,14.5,11.6,17.4,0,,,11.9,36,1021.4,
2022-05-09 00:00:00,15.6,9.8,22,0,,,8.8,31,1023,
2022-05-10 00:00:00,16.8,8.1,23.7,0,,,5.3,23,1021.2,
2022-05-11 00:00:00,19.7,10.9,26.8,0.2,,,11.4,48,1017.1,
2022-05-12 00:00:00,20.8,15.9,27,0,,,13.4,54,1018.4,
2022-05-13 00:00:00,17.6,14.8,21.2,0.4,,,8.5,31,1021,
2022-05-14 00:00:00,17.8,12.4,24,0,,,6.1,18.5,1020.1,
2022-05-15 00:00:00,18.4,9.6,26.3,0,,,5.9,21,1017,
2022-05-16 00:00:00,19.5,14.9,25,,,,10.5,37,1018.6,
2022-05-17 00:00:00,18.9,11.4,25.1,0,,,9.6,26,1020.5,
2022-05-18 00:00:00,20.2,11.2,27.2,0,,,10.1,34,1020.5,
2022-05-19 00:00:00,20.9,13.4,29.1,0,,,8.7,41,1021.1,
2022-05-20 00:00:00,22.5,13.9,30.2,0,,,9.6,55,1020,
2022-05-21 00:00:00,20,15.6,23.9,1,,,11.1,39,1020.9,
2022-05-22 00:00:00,17.1,10,24.1,0.1,,,8.7,21,1014.6,
2022-05-23 00:00:00,18,13.2,24.8,6.8,,,9.3,52,1006.3,
2022-05-24 00:00:00,14.7,12.2,17,2.9,,,9.3,49,1010.1,
2022-05-25 00:00:00,15.7,12.3,20.6,1.3,,,6.4,23,1017,
2022-05-26 00:00:00,16.6,11.4,21.1,0,,,8.2,33,1023.6,
2022-05-27 00:00:00,16.2,10.3,21.2,0,,,12.2,41,1022.9,
2022-05-28 00:00:00,15.4,12.5,18.4,0,,,10.4,29,1018.6,
2022-05-29 00:00:00,12.1,7.2,16.1,0,,,13.3,42,1012.1,
2022-05-30 00:00:00,13.4,6.5,19,0,,,9.5,30,1010.6,
2022-05-31 00:00:00,14.5,9,20.5,0.3,,,10.1,50,1013.2,
2022-06-01 00:00:00,14.9,11.2,19.7,2.2,,,7,28,1016.6,
2022-06-02 00:00:00,16.9,12.4,21.9,0,,,7.9,,1017.8,
2022-06-03 00:00:00,18,13.2,24.6,0.2,,,8.6,,1016.2,
2022-06-04 00:00:00,20.6,12.3,27.5,2.9,,,8.1,,1016.6,
2022-06-05 00:00:00,18.9,15.8,22,15.6,,,10.8,,1015.9,
2022-06-06 00:00:00,17.9,11.6,24,0.1,,,6.7,,1018,
2022-06-07 00:00:00,16.3,14.4,19.1,7.4,,,7.9,,1016.7,
2022-06-08 00:00:00,15.3,9.6,21.5,2.6,,,8,,1012.7,
2022-06-09 00:00:00,14.8,12.2,18.5,1.5,,,12.3,,1016.8,
2022-06-10 00:00:00,15.4,7,22.3,0,,,8.5,,1023.7,
2022-06-11 00:00:00,18,9.2,25.6,0,,,5.5,,1023.2,
2022-06-12 00:00:00,20.7,10.8,29,2,,,4.7,,1020.6,
2022-06-13 00:00:00,19.9,14,24.3,1.3,,,10.6,,1019.7,
2022-06-14 00:00:00,18.4,10,26.2,0,,,10,31.5,1019.5,
2022-06-15 00:00:00,21.6,11.9,30.8,0,,,6.2,26,1016.2,
2022-06-16 00:00:00,24.1,17.6,30.2,0.7,,,11.4,44,1017.6,
2022-06-17 00:00:00,22.2,15,28.8,0,,,7,22,1022.3,
2022-06-18 00:00:00,23.3,12.7,33.2,0,,,7.8,37,1018.7,
2022-06-19 00:00:00,26.7,16.9,35.4,0,,,8.2,32,1009.6,
2022-06-20 00:00:00,25.4,19,31.3,0,,,10.2,40,1010.7,
2022-06-21 00:00:00,22.8,16.3,31,0,,,8.3,34,1011.2,
2022-06-22 00:00:00,19.5,16.2,23.8,4.2,,,9.1,34,1011.7,
2022-06-23 00:00:00,21.3,14.2,29.3,2,,,10.3,96,1011.8,
2022-06-24 00:00:00,17.5,14.3,23.1,11.9,,,7.7,31,1012.1,
2022-06-25 00:00:00,18.7,9.9,26.2,0,,,7.3,24,1013.7,
2022-06-26 00:00:00,22.1,15.3,28.9,1.7,,,10.4,40,1012.5,
2022-06-27 00:00:00,19.2,15.7,23,5.3,,,12.7,38,1016.7,
2022-06-28 00:00:00,17.4,13.1,20.8,0.1,,,9.5,33,1019,
2022-06-29 00:00:00,20.8,15.5,26.8,0,,,5.9,24,1013.9,
2022-06-30 00:00:00,21,13.1,29.3,12,,,8.6,42,1011.5,
2022-07-01 00:00:00,15.5,12.8,20.6,12.4,,,9,43,1020.1,
2022-07-02 00:00:00,18.6,11,26.1,0,,,9.8,33,1020.9,
2022-07-03 00:00:00,22.3,13.9,30.3,0,,,6.5,27,1018.2,
2022-07-04 00:00:00,20.3,17.8,25,7.6,,,7.9,42,1018.8,
2022-07-05 00:00:00,21.3,17,26.5,0,,,6.5,24,1019.9,
2022-07-06 00:00:00,19.8,12.6,25.7,0,,,9.4,32,1022,
2022-07-07 00:00:00,18.1,11.4,23.6,0,,,10.9,39,1023.4,
2022-07-08 00:00:00,18.4,13.1,23.8,0,,,10.2,29,1027.8,
2022-07-09 00:00:00,19,10.3,25.3,0,,,9.8,31,1025.6,
2022-07-10 00:00:00,19.2,13.5,24,0,,,9.8,35,1021.9,
2022-07-11 00:00:00,18.6,10.3,25.2,0,,,14.9,48,1021.8,
2022-07-12 00:00:00,20.7,12,27.3,0,,,12.8,34,1022.7,
2022-07-13 00:00:00,22.6,12.9,32.1,0,,,5.1,31,1021.5,
2022-07-14 00:00:00,26.4,19.4,33.8,0,,,11.5,45,1017.2,
2022-07-15 00:00:00,23.8,17.2,29.2,0,,,12.6,35,1017.7,
2022-07-16 00:00:00,22,12.8,28.5,0,,,12.3,36,1020.1,
2022-07-17 00:00:00,22,13.8,29.3,0,,,12.4,37,1022.9,
2022-07-18 00:00:00,23.2,12.6,32.6,0,,,8.9,32,1021.9,
2022-07-19 00:00:00,25.2,14,34.8,0,,,7.4,26,1017.3,
2022-07-20 00:00:00,24.2,17.8,33.4,13.3,,,9.9,83,1016.9,
2022-07-21 00:00:00,22.9,18.7,29,0.3,,,7.6,32,1020.4,
2022-07-22 00:00:00,23.8,14.1,33.4,0,,,8,30,1016.8,
2022-07-23 00:00:00,22.1,18.1,27.5,6.8,,,8.5,39,1017.8,
2022-07-24 00:00:00,24.2,16.8,31.3,0,,,6.4,23,1017.5,
2022-07-25 00:00:00,25.5,15.7,34,0.1,,,11.9,48,1012.4,
2022-07-26 00:00:00,22.7,18.6,26.9,0.7,,,11.2,33,1015.3,
2022-07-27 00:00:00,21.3,15.2,27.1,0,,,7.4,22.2,1014.6,
2022-07-28 00:00:00,21.5,12.6,29.9,0.2,,,8.6,33,1012.9,
2022-07-29 00:00:00,19.3,16.1,24.8,1.5,,,8,32,1016.2,
2022-07-30 00:00:00,21,14.7,26.4,0,,,8.5,34,1018.6,
2022-07-31 00:00:00,22.9,14.8,30,0,,,9.7,34,1018,
2022-08-01 00:00:00,23.5,15.3,31.4,2,,,9,32,1016.6,
2022-08-02 00:00:00,22.8,15,30.6,0,,,5.9,23,1017.2,
2022-08-03 00:00:00,24.6,15.1,33.7,0,,,5,22,1014.9,
2022-08-04 00:00:00,27,16.6,36.1,0,,,5.9,32,1013,
2022-08-05 00:00:00,26.2,19.4,34,16.2,,,9.9,64,1014,
2022-08-06 00:00:00,18.4,16.3,19.9,11.1,,,11.3,36,1022.1,
2022-08-07 00:00:00,18.2,13.5,22.9,0,,,11.3,36,1020.2,
2022-08-08 00:00:00,20.5,13.1,27,0,,,13.3,43,1020,
2022-08-09 00:00:00,21.2,12.3,27.5,0,,,15.6,46,1021.4,
2022-08-10 00:00:00,21.4,12.5,28,0,,,13.7,44,1020.4,786
2022-08-11 00:00:00,20.8,12.8,28.1,0,,,11.2,36,1018.2,758
2022-08-12 00:00:00,21.2,13,27.3,0,,,13.8,41,1015.7,780
2022-08-13 00:00:00,20.5,12.3,28.2,0,,,13.2,39,1014.1,789
2022-08-14 00:00:00,20,9.6,27.8,0,,,7.9,42,1009.5,536
2022-08-15 00:00:00,19.9,14.6,26.7,0.5,,,12.7,73,1008.6,445
2022-08-16 00:00:00,20.9,11.7,29.5,0,,,5.8,28,1010,682
2022-08-17 00:00:00,22.6,16.3,29.3,9,,,11,48,1010.3,359
2022-08-18 00:00:00,18,15.1,21.7,6.7,,,5.7,29,1012.8,175
2022-08-19 00:00:00,17.8,16.8,19.6,11.1,,,7.7,28,1014.8,0
2022-08-20 00:00:00,18.1,14.3,23.6,5.8,,,8,24.1,1018.4,158
2022-08-21 00:00:00,19.6,16.2,25.3,0,,,6.3,23,1016.3,549
2022-08-22 00:00:00,19.7,12.7,26.3,0,,,7.4,35,1014.3,646
2022-08-23 00:00:00,19.8,12.4,27.1,0,,,8.6,36,1016.4,742
2022-08-24 00:00:00,19.9,11.2,27.8,0,,,10.8,43,1017.4,723
2022-08-25 00:00:00,21,12.5,28.7,0,,,4.3,20,1015,712
2022-08-26 00:00:00,20.8,13.9,29,1.2,,,7.8,42,1013.3,335
2022-08-27 00:00:00,19.1,16.9,23.3,6.3,,,6.4,33,1014.3,113
2022-08-28 00:00:00,19.6,14.5,25.5,0,,,9.8,33,1015.7,387
2022-08-29 00:00:00,20.1,13.2,27,0,,,8.6,26,1017.6,632
2022-08-30 00:00:00,20.4,13.5,27.7,11,,,7,42,1017.2,500
2022-08-31 00:00:00,17.6,15.6,21.6,4.8,,,7.2,28,1018.7,166
2022-09-01 00:00:00,17.1,12.9,21.7,0,,,10.3,36,1017.5,372
2022-09-02 00:00:00,16.4,9.9,22.9,0,,,8,32,1014.6,523
2022-09-03 00:00:00,17.6,13.9,22.8,3,,,7.8,30,1014.4,259
2022-09-04 00:00:00,18.7,11.4,25.6,0,,,5.5,17,1018.9,582
2022-09-05 00:00:00,19,11.7,27,0,,,4.6,18,1020.4,570
2022-09-06 00:00:00,17.9,13.9,21.7,9.9,,,5.6,46,1018.4,357
2022-09-07 00:00:00,19.7,15.4,25.8,6.1,,,8.9,34,1014.8,397
2022-09-08 00:00:00,17.7,13.4,21.8,16.4,,,9.7,41,1013.4,409
2022-09-09 00:00:00,16.3,12,22.4,2,,,8.4,35,1015,411
2022-09-10 00:00:00,15.6,13.7,18,1.2,,,11.1,40,1017.8,128
2022-09-11 00:00:00,16.7,13.7,21.9,0,,,5.9,26,1019.3,512
2022-09-12 00:00:00,15.6,9.1,23.7,0,,,3.7,15,1016.4,625
2022-09-13 00:00:00,18.5,9.9,27,0,,,4.3,18,1011.8,450
2022-09-14 00:00:00,20.9,17.5,23.2,16.9,,,11.2,45,1007.7,153
2022-09-15 00:00:00,17.2,15.4,19.4,13,,,10.8,38,1009.5,51
2022-09-16 00:00:00,14.7,12.5,16.9,0.3,,,10.3,44,1011.9,112
2022-09-17 00:00:00,10.8,8,13.6,1.8,,,13.3,46,1017.2,74
2022-09-18 00:00:00,11.7,7.5,15.7,0,,,12.6,33.3,1019.6,264
2022-09-19 00:00:00,12.6,9,15.8,0,,,7.7,30,1020.7,468
2022-09-20 00:00:00,10.6,4.2,15.4,0.1,,,7.1,22,1023.3,470
2022-09-21 00:00:00,11.1,4.8,16.9,0,,,16.1,46,1023.8,629
2022-09-22 00:00:00,9.9,3.2,17.5,0,,,8.1,20.4,1022.3,630
2022-09-23 00:00:00,11.8,3.7,19.7,0,,,5.2,33,1018.5,373
2022-09-24 00:00:00,13.5,11.6,15.3,8.7,,,6,23,1014.2,52
2022-09-25 00:00:00,11.7,9.6,14.1,7.1,,,5.8,23,1013.3,25
2022-09-26 00:00:00,11.8,10.5,16,4.2,,,7.3,48,1009.8,160
2022-09-27 00:00:00,10.2,8.6,11.8,15.4,,,20.1,68,1004.7,98
2022-09-28 00:00:00,9.7,8.4,11.3,28.9,,,11.9,50,1001.7,3
2022-09-29 00:00:00,9.4,7.7,11.7,6.6,,,3.9,13,1003.5,11
2022-09-30 00:00:00,10.7,8.4,13.4,0.2,,,6.4,19,1011.1,76
2022-10-01 00:00:00,10,6.2,13,13.4,,,16.4,53,1017.4,9
2022-10-02 00:00:00,16,13,19.9,3.9,,,14.3,50,1021.8,110
2022-10-03 00:00:00,12.9,7.8,16.3,6.1,,,8.9,26,1025.9,262
2022-10-04 00:00:00,10.1,4.3,17,0,,,4.7,17,1024.3,252
2022-10-05 00:00:00,13.1,6.1,22.2,0.3,,,5.8,33,1024.2,505
2022-10-06 00:00:00,14.1,8.8,20.3,0,,,8.3,20,1029.3,421
2022-10-07 00:00:00,14.4,10.6,19.8,0,,,4.9,18,1025.1,244
2022-10-08 00:00:00,13.5,10.6,16.4,0,,,5.5,26,1022.2,27
2022-10-09 00:00:00,11,7.5,13.2,0,,,8.7,25,1021.9,68
2022-10-10 00:00:00,13.7,9.5,20.5,0,,,5.6,21,1019.7,290
2022-10-11 00:00:00,14.5,11,18.7,0,,,9.9,32,1022.7,162
2022-10-12 00:00:00,13.3,10.7,14.9,0,,,7.2,17,1023.4,206
2022-10-13 00:00:00,14,12.1,17,1.6,,,6.2,24,1021.5,109
2022-10-14 00:00:00,13.5,9,16.2,7.2,,,7.1,32,1017.5,30
2022-10-15 00:00:00,15.9,12.1,19.7,11.9,,,12.6,49,1013.9,118
2022-10-16 00:00:00,15,10.4,22.6,0,,,4.5,15,1018.8,366
2022-10-17 00:00:00,14,8.5,22.3,0,,,3.8,19,1025.6,404
2022-10-18 00:00:00,15.2,9.8,22.3,0,,,6,23,1027.6,454
2022-10-19 00:00:00,13.5,8.7,17.5,0,,,9.1,27,1024,240
2022-10-20 00:00:00,14.9,13.1,17.7,0.7,,,5.6,21,1017.8,52
2022-10-21 00:00:00,14.4,13.3,16.1,6.2,,,6.4,25,1014.7,3
2022-10-22 00:00:00,14.9,9.8,19.5,13.9,,,6.3,22,1017.6,339
2022-10-23 00:00:00,12,7.8,17.5,0.3,,,6.4,24,1016.8,148
2022-10-24 00:00:00,13.7,11,15.4,16.8,,,8.6,58,1017.3,84
2022-10-25 00:00:00,12.8,10,17.5,0.3,,,5.2,17,1020.3,405
2022-10-26 00:00:00,14.6,10.6,20.3,4.3,,,7.4,48,1021.3,268
2022-10-27 00:00:00,12,7.9,19.4,0.1,,,3.2,12,1026.7,314
2022-10-28 00:00:00,12.8,9.1,19.9,0.2,,,3.3,12,1026.6,250
2022-10-29 00:00:00,12.9,8.1,19.8,0,,,3.5,12,1025.1,289
2022-10-30 00:00:00,11.2,8.1,18.2,0.1,,,3.6,13,1022.9,172
2022-10-31 00:00:00,10,6.3,15.8,0.1,,,3.8,13,1021,151
2022-11-01 00:00:00,12.3,8.5,16.9,0.2,,,7.7,32,1021.6,72
2022-11-02 00:00:00,10.5,5.9,14.6,0.1,,,4.9,25,1025.4,164
2022-11-03 00:00:00,7.7,4.1,10.9,5.4,,,6.7,48,1016,63
2022-11-04 00:00:00,9,6.7,11.3,1.2,,,9.2,34,1010.3,88
2022-11-05 00:00:00,6.9,1.9,9.1,3.7,,,7.5,23,1020.5,49
2022-11-06 00:00:00,5.2,2,8.1,0.1,,,4.6,19,1019.4,101
2022-11-07 00:00:00,9,3.5,15.5,0,,,8.6,30,1019.6,272
2022-11-08 00:00:00,7,1.7,14.8,0,,,5.5,22,1017.3,165
2022-11-09 00:00:00,9.3,5,11.6,13.2,,,5.2,20,1017.8,6
2022-11-10 00:00:00,9.1,4.1,11.9,15.9,,,5.5,18,1028.2,242
2022-11-11 00:00:00,8,4.4,10.7,0,,,4.5,15,1034.5,75
2022-11-12 00:00:00,7.4,6.1,8.4,0,,,5.8,19,1033.2,40
2022-11-13 00:00:00,5.8,5.1,6.4,0.1,,,7.4,26,1023.7,83
2022-11-14 00:00:00,7.4,3.8,11.5,3.7,,,6.5,19,1018,0
2022-11-15 00:00:00,7,3.2,11,0.1,,,5.6,19,1012.5,60
2022-11-16 00:00:00,9.2,5,13,3.1,,,7.5,25,1005,212
2022-11-17 00:00:00,10,6,13.6,13.1,,,13.3,60,999.6,96
2022-11-18 00:00:00,7.3,3.7,9.2,17.9,,,11.3,38,1006,9
2022-11-19 00:00:00,6.4,4,9.3,0.2,,,6,24,1012,137
2022-11-20 00:00:00,5.4,2.6,8.4,3.1,,,10.4,47,1014.8,82
2022-11-21 00:00:00,6.8,4.8,9.5,1.2,,,13.4,59,1006.8,172
2022-11-22 00:00:00,6.3,5.4,7.6,1.4,,,12.1,39,1002.4,18
2022-11-23 00:00:00,5.4,-0.4,8.8,4,,,8.1,41,1006.5,202
2022-11-24 00:00:00,6.9,2,10.8,2.2,,,13.5,45,1016.7,105
2022-11-25 00:00:00,4.7,0.6,8,0.4,,,5.1,22,1021.7,64
2022-11-26 00:00:00,4.6,0,9.2,0,,,5,16,1031.7,124
2022-11-27 00:00:00,3.2,-0.1,5.7,0,,,5.3,16,1026.7,72
2022-11-28 00:00:00,5,1.9,8.5,0,,,4.2,24,1016.3,28
2022-11-29 00:00:00,6.5,5.5,8.2,4.9,,,4.1,15,1017.7,1
2022-11-30 00:00:00,4.8,3.5,5.7,1.1,,,11.1,32,1021.1,0
2022-12-01 00:00:00,3.3,2.6,3.8,0,,,9.5,32,1022.4,0
2022-12-02 00:00:00,2.6,0.2,4.4,0,,,5.9,16,1019.6,0
2022-12-03 00:00:00,1.4,-0.2,2.5,0,,,14,36,1016.7,1
2022-12-04 00:00:00,1.4,0.9,2.2,0.3,,,8.3,44,1014.2,0
2022-12-05 00:00:00,3.7,1,6,0,,,6.9,21,1020.1,0
2022-12-06 00:00:00,1.7,-0.2,4.3,0,,,4.8,19,1020.2,71
2022-12-07 00:00:00,1.4,-3.1,4,0.1,,,3.1,13,1018.6,7
2022-12-08 00:00:00,-0.2,-2.2,3.2,0,,,4.3,14,1012,56
2022-12-09 00:00:00,-0.1,-0.9,1,3.3,,,6.9,15,1004.8,0
2022-12-10 00:00:00,0,-1.4,0.6,4.6,,,6.9,18.5,1008.4,0
2022-12-11 00:00:00,-5.2,-8.6,-1.2,0,,,5.2,14.8,1013.2,114
2022-12-12 00:00:00,-5.1,-8,-3.5,0,,,5.8,18.5,1014,73
2022-12-13 00:00:00,-5.8,-9,-4,0.5,,,9.9,23,1010,15
2022-12-14 00:00:00,-0.6,-4.3,2.7,9.5,,,5.7,22.2,1003.3,0
2022-12-15 00:00:00,1.3,0,2.2,3.3,,,9.7,24.1,1004.6,0
2022-12-16 00:00:00,-0.8,-1.9,0.3,4,,,7.6,16.7,1011.5,0
2022-12-17 00:00:00,-3.4,-5.3,-2.2,0,,,9.3,20,1026.2,93
2022-12-18 00:00:00,-2.3,-3.3,-1.2,0,,,5,14.8,1031.7,22
2022-12-19 00:00:00,-0.7,-2.3,2.7,0,,,3.5,13,1029.5,112
2022-12-20 00:00:00,1.1,-2.2,5.7,0,,,4.6,17,1023.5,72
2022-12-21 00:00:00,6.9,2.6,9.6,6.6,,,8.6,28,1018.5,0
2022-12-22 00:00:00,9.9,6,12.2,1,,,22.3,77,1014.7,47
2022-12-23 00:00:00,11.6,9.9,12.8,21.8,,,23.2,64,1012.1,2
2022-12-24 00:00:00,9.1,6.8,12.2,1.4,,,9,42.6,1018.8,10
2022-12-25 00:00:00,6.6,5,9.4,0.1,,,5.8,22,1019.8,80
2022-12-26 00:00:00,8.2,3.4,11.1,10.7,,,13.1,52,1022.6,43
2022-12-27 00:00:00,5.6,2.1,8.3,0.7,,,7.6,33,1030.2,79
2022-12-28 00:00:00,4.5,1.5,9.3,0,,,12.4,37,1023.7,159
2022-12-29 00:00:00,8.6,1.1,12.6,7.1,,,15.4,53,1016.4,57
2022-12-30 00:00:00,6.7,2.2,9.6,9.9,,,9.1,33,1018.4,100
2022-12-31 00:00:00,11.4,9.1,14.9,0.2,,,13,31,1021,215
2023-01-01 00:00:00,11.9,5.1,16.6,0,,,13.3,46,1023.2,275
2023-01-02 00:00:00,7.7,1.9,14.5,1.6,,,7,25,1024.2,197
2023-01-03 00:00:00,7.1,5.7,8.5,4.4,,,3.1,13,1031.4,21
2023-01-04 00:00:00,7.5,4.7,10.3,0,,,12.8,48,1030.8,10
2023-01-05 00:00:00,9.7,4.8,11.5,1.8,,,16.3,55,1026.9,19
2023-01-06 00:00:00,6.5,2,8.9,0,,,6.6,23,1025.7,50
2023-01-07 00:00:00,6.6,3.9,9.5,0,,,7.6,22,1019.5,105
2023-01-08 00:00:00,4.6,1,6.8,5.3,,,5.6,17,1010.3,4
2023-01-09 00:00:00,5.3,2.7,7.4,14.7,,,18.2,58,1008.9,72
2023-01-10 00:00:00,4.5,2.7,6.5,1.3,,,12.8,41,1023.9,86
2023-01-11 00:00:00,6.4,5,7.6,4.3,,,14,37,1021.8,12
2023-01-12 00:00:00,7,4.8,8.6,0,,,19,61,1023.1,41
2023-01-13 00:00:00,7.1,4.7,8.8,4.7,,,19.1,61,1019.8,44
2023-01-14 00:00:00,6.9,4,9.7,0.3,,,13.7,51,1019.6,74
2023-01-15 00:00:00,6,1.6,10.6,3.6,,,20.1,63,1011.8,18
2023-01-16 00:00:00,1.6,-2.2,5.7,1,,,13,64,997.8,90
2023-01-17 00:00:00,0.4,-2.4,2.3,0.9,,,5.8,29.6,989.7,14
2023-01-18 00:00:00,0.7,-1.2,1.8,0.3,,,9.4,33,997.3,0
2023-01-19 00:00:00,-1.8,-5.5,0.9,0,,,6.5,27,1011.3,110
2023-01-20 00:00:00,-3.4,-6.8,0.4,0,,,6,19,1018.8,94
2023-01-21 00:00:00,-3.9,-8,-0.8,0,,,11.2,45,1024.9,60
2023-01-22 00:00:00,-1.4,-3,0,0,,,9.4,27,1027.3,7
2023-01-23 00:00:00,-0.1,-1.9,1.8,0,,,17.9,59,1029.4,9
2023-01-24 00:00:00,2,1.7,2.4,0,,,11.7,45,1032.5,5
2023-01-25 00:00:00,1.3,0.5,1.8,0,,,9.5,29,1030.3,1
2023-01-26 00:00:00,-0.1,-0.7,0.3,0,,,7.8,26,1022.1,0
2023-01-27 00:00:00,-0.6,-1.2,-0.1,0,,,11.7,33.3,1021.2,0
2023-01-28 00:00:00,0.1,-1,1,0,,,14.4,38.9,1025.5,1
2023-01-29 00:00:00,0.1,-2,1,0,,,7.5,25.9,1029.2,106
2023-01-30 00:00:00,-0.2,-3.5,3.5,0,,,10,33,1028.4,199
2023-01-31 00:00:00,2.1,-2.3,5.1,0,,,8.5,34,1030.5,241
2023-02-01 00:00:00,3.8,0.6,6.4,0.3,,,15,48,1028.8,17
2023-02-02 00:00:00,5.1,2.8,7,0.3,,,17.2,45,1031.4,8
2023-02-03 00:00:00,5.8,3.2,7.6,0,,,14.7,42,1034.3,136
2023-02-04 00:00:00,4.9,0,7.6,0.1,,,6,27.8,1036,28
2023-02-05 00:00:00,1.4,-2.6,3.7,4.4,,,6.7,20,1037.6,69
2023-02-06 00:00:00,2,-0.3,4.3,0,,,14.7,36,1037,58
2023-02-07 00:00:00,-0.9,-3,2.8,0,,,14.6,56,1036.8,426
2023-02-08 00:00:00,-2.6,-5.2,0.9,0,,,9.3,25,1036.5,408
2023-02-09 00:00:00,-2.4,-8.2,5,0,,,5.3,17,1036.1,473
2023-02-10 00:00:00,-1.7,-6.8,5.9,0,,,4,15,1040.7,477
2023-02-11 00:00:00,-0.8,-6.2,7.1,0,,,3.5,13,1039.3,329
2023-02-12 00:00:00,1.5,-4.6,9.2,0,,,8.7,25.9,1038.2,288
2023-02-13 00:00:00,2.7,-1.6,7.5,0,,,5.7,20,1038.8,228
2023-02-14 00:00:00,0.5,-1.9,4.6,0,,,4.8,13,1037.4,262
2023-02-15 00:00:00,0,-2.6,6.3,0,,,4,15,1032.6,333
2023-02-16 00:00:00,3.3,-4.8,12.5,0,,,5.1,22,1030.9,433
2023-02-17 00:00:00,9.2,4.5,13.3,0,,,8.3,29.6,1029.8,19
2023-02-18 00:00:00,10.7,7.5,15.6,0,,,13.9,49,1028.1,222
2023-02-19 00:00:00,8.1,4.7,10.4,0.1,,,12,41,1028,107
2023-02-20 00:00:00,7.9,2.2,15.1,0,,,5,18,1028.4,439
2023-02-21 00:00:00,5.5,-2,15.2,0,,,4.2,15,1021.8,514
2023-02-22 00:00:00,6.2,-1.1,13.9,0,,,6,26,1016.4,238
2023-02-23 00:00:00,9.1,4.4,13.6,0.2,,,4.9,15,1014.4,207
2023-02-24 00:00:00,6.9,0.7,14.6,1.5,,,7.5,48,1009.2,205
2023-02-25 00:00:00,4.3,-0.6,8.5,5.2,,,8.2,38,1008.6,35
2023-02-26 00:00:00,0,-1.4,1.5,0,,,29.5,79,1014.5,158
2023-02-27 00:00:00,-0.4,-1.3,0.6,0,,,32.1,69,1020.5,29
2023-02-28 00:00:00,-0.7,-1.4,0.4,0,,,16.4,57,1024.4,193
2023-03-01 00:00:00,0.9,-1.4,1.9,0,,,11.4,35,1021.6,121
2023-03-02 00:00:00,2,-1.1,3.7,0,,,5.5,20,1019,114
2023-03-03 00:00:00,3.1,-0.3,8.1,0,,,4.8,22,1021.6,201
2023-03-04 00:00:00,2.9,-4.6,10,0,,,6.4,27,1022.8,313
2023-03-05 00:00:00,2.7,-0.3,7.8,0,,,6.5,28,1017.5,323
2023-03-06 00:00:00,2.5,-1.3,5.2,0,,,8.6,33,1009.6,100
2023-03-07 00:00:00,4,1.5,7.2,0,,,11.6,33,1005.8,174
2023-03-08 00:00:00,7.3,1.4,11.2,4.3,,,17.5,59,1001.8,0
2023-03-09 00:00:00,11.9,8.5,15.9,12,,,23.8,77,1002.4,299
2023-03-10 00:00:00,8.1,4.9,10.8,7.9,,,26.1,73,1000.7,7
2023-03-11 00:00:00,2.7,0,4.6,2.3,,,8.2,50,1011.3,1
2023-03-12 00:00:00,6.7,2.9,12.1,4,,,10.5,42,1016.2,89
2023-03-13 00:00:00,12.5,5.8,18.7,0.4,,,13.6,38,1008.4,318
2023-03-14 00:00:00,7.8,2.9,9.9,20.6,,,20.7,76,1006.1,6
2023-03-15 00:00:00,4.3,-0.3,9,0.9,,,10.2,45,1019.7,383
2023-03-16 00:00:00,4.6,-2.3,12.6,0,,,4.1,14.8,1019.6,448
2023-03-17 00:00:00,7.7,-0.9,17,0,,,5,24,1014.4,441
2023-03-18 00:00:00,10.6,2,17.2,0,,,6.5,21,1014.2,421
2023-03-19 00:00:00,10.9,6,14.4,2.4,,,9.5,37,1017.7,101
2023-03-20 00:00:00,9,5.7,12.9,0,,,4.9,21,1021.8,238
2023-03-21 00:00:00,9.1,1.5,15.2,0,,,5.3,21,1018.6,298
2023-03-22 00:00:00,11.8,4.6,19.6,0,,,9.2,31,1014.7,540
2023-03-23 00:00:00,13.4,8.8,17,0,,,10.7,43,1012.4,54
2023-03-24 00:00:00,11.2,8.5,13.5,9.1,,,14.4,53,1011.8,0
2023-03-25 00:00:00,8.3,5,12.2,6.9,,,20.6,68,1015.7,193
2023-03-26 00:00:00,7.3,4.8,11.4,10.2,,,12.9,70,1009.7,25
2023-03-27 00:00:00,5,1.4,6.9,0.6,,,13.9,46,1018.2,124
2023-03-28 00:00:00,4.8,-1.1,9.9,0,,,5.6,20.4,1027.4,444
2023-03-29 00:00:00,11.9,7.3,18.2,0.1,,,13.9,41,1020.4,77
2023-03-30 00:00:00,12.6,10.6,15.5,2.8,,,14,55,1015.8,179
2023-03-31 00:00:00,10.4,7.6,14.1,7.9,,,18,82,1008.5,83
2023-04-01 00:00:00,8.2,7,10.5,4,,,25.4,69,1008.8,3
2023-04-02 00:00:00,8.9,6.2,13.7,0.9,,,10.8,36,1015.3,147
2023-04-03 00:00:00,5,3,7.6,1.7,,,18.5,44.5,1023.8,103
2023-04-04 00:00:00,3.1,-1,7.2,0,,,19.7,51,1023.3,627
2023-04-05 00:00:00,3.5,-2,9.1,0,,,7,31,1021.8,557
2023-04-06 00:00:00,5.7,-2.6,12.7,0,,,6.1,36,1020.5,484
2023-04-07 00:00:00,6.9,5.1,8.4,0.1,,,8.7,38,1018.1,57
2023-04-08 00:00:00,7.5,4.9,10.3,0,,,6.3,21,1022.2,79
2023-04-09 00:00:00,7.9,3.1,13,0,,,12.6,38,1023.8,543
2023-04-10 00:00:00,9.1,0.1,16.3,0,,,6.9,32,1021.6,450
2023-04-11 00:00:00,11,8.5,14.1,3.6,,,13.8,47,1017.5,46
2023-04-12 00:00:00,9.3,6.8,13.1,6.9,,,13,50,1008.3,21
2023-04-13 00:00:00,6.1,3.9,9.7,3.1,,,10,74,1009.9,71
2023-04-14 00:00:00,6.6,1.5,12.3,0,,,5.9,20.4,1010.2,453
2023-04-15 00:00:00,6.4,1.4,10.2,1.6,,,6.6,29,1010.8,50
2023-04-16 00:00:00,7.5,6.8,8.7,22.1,,,6.7,28,1020.4,4
2023-04-17 00:00:00,9.4,6.8,14.3,4.2,,,11.5,44,1020.6,139
2023-04-18 00:00:00,10.5,7.8,15.7,0,,,15.7,49,1019.1,195
2023-04-19 00:00:00,9.7,5.5,12.9,5,,,12.4,56,1019.3,93
2023-04-20 00:00:00,5,3.3,6.4,4.5,,,8.6,40,1014.4,8
2023-04-21 00:00:00,7.1,0.5,12.4,0,,,4.6,30,1013.1,251
2023-04-22 00:00:00,10.6,2.6,18.8,0,,,5.8,41,1012.1,254
2023-04-23 00:00:00,13,9.5,18.4,4.5,,,8.8,51,1010.5,152
2023-04-24 00:00:00,10,6.7,13,2.2,,,16.4,59,1011.8,245
2023-04-25 00:00:00,7.5,4.3,10.1,4.9,,,9.8,45,1014.4,94
2023-04-26 00:00:00,8.9,4.2,14,0,,,6.2,20.4,1017.8,282
2023-04-27 00:00:00,12.8,8.1,18,1,,,4.9,16,1017.6,358
2023-04-28 00:00:00,12.5,10.5,16.1,22.1,,,8.1,26,1016,16
2023-04-29 00:00:00,15.9,12.5,20.9,0.8,,,11.3,35,1015.3,340
2023-04-30 00:00:00,13.6,10.6,16.7,0,,,14.2,49,1017.1,201
2023-05-01 00:00:00,11.6,9.7,14.1,11.2,,,8.9,34,1016.5,12
2023-05-02 00:00:00,11.8,9.1,16,2,,,5.7,32,1021.7,288
2023-05-03 00:00:00,12.2,6,18.2,0,,,14.9,47,1022.9,598
2023-05-04 00:00:00,14.4,6.1,23.2,0,,,5,15,1019.2,699
2023-05-05 00:00:00,16.4,12.1,22.8,0.9,,,7.2,79,1017.9,353
2023-05-06 00:00:00,16.7,12,22,0,,,4.9,22,1016.6,394
2023-05-07 00:00:00,14.9,9.4,21.2,2.6,,,8.6,39,1016.7,299
2023-05-08 00:00:00,14.6,12.8,18.1,18.6,,,6.4,30,1020.9,102
2023-05-09 00:00:00,15.2,12.1,19.6,10.1,,,4.7,31,1015.7,174
2023-05-10 00:00:00,12.9,11.2,15.9,4.4,,,10.7,40,1014.7,58
2023-05-11 00:00:00,11.4,9.8,14.1,0.3,,,6.7,28,1015.2,21
2023-05-12 00:00:00,12.9,9.2,17.7,0.1,,,9.8,32,1013.6,157
2023-05-13 00:00:00,12.1,9.2,15.3,0,,,12.5,36,1016.5,91
2023-05-14 00:00:00,11.2,8.2,15.4,9.5,,,7.5,30,1015.5,74
2023-05-15 00:00:00,12,9.3,16.2,8.2,,,6.9,20.4,1014.2,190
2023-05-16 00:00:00,10.9,8.8,12.9,4.5,,,13,43,1015.1,3
2023-05-17 00:00:00,10.8,8.4,14.2,0.1,,,18,42.6,1021.7,155
2023-05-18 00:00:00,11,6.6,14.3,0,,,20.4,48,1021.1,227
2023-05-19 00:00:00,12.1,9.4,15.1,0,,,12.5,35,1019.7,137
2023-05-20 00:00:00,13.9,8.1,18.1,0,,,7.1,31,1015.1,179
2023-05-21 00:00:00,17.1,9.9,24.9,0,,,6.3,20,1011.6,421
2023-05-22 00:00:00,19.3,12.2,25.9,0,,,7.1,22.2,1012.9,647
2023-05-23 00:00:00,17,12.6,21.3,8.7,,,8.3,52,1016,145
2023-05-24 00:00:00,13,11.3,14.5,1.2,,,12.4,29,1019,12
2023-05-25 00:00:00,14.4,9.9,19.8,0.3,,,10,33.3,1020.2,303
2023-05-26 00:00:00,17.6,9.8,24.5,0,,,11,47,1021.7,638
2023-05-27 00:00:00,18.2,11.3,23.8,0,,,14.1,41,1019.6,778
2023-05-28 00:00:00,17.9,9.7,24.2,0,,,11.7,36,1015.9,831
2023-05-29 00:00:00,18.1,8.1,24.7,0,,,15.4,46,1015.7,827
2023-05-30 00:00:00,18.3,10.8,24.2,0,,,16.2,47,1017.4,691
2023-05-31 00:00:00,18.7,11.9,24.3,0,,,17.5,49,1016.6,820
2023-06-01 00:00:00,18.9,11,25.7,0,,,7.9,25.9,1015.9,765
2023-06-02 00:00:00,19.8,12.3,26,0,,,9.6,40,1013.6,801
2023-06-03 00:00:00,18.8,12,25.4,0,,,11.2,31,1014.4,755
2023-06-04 00:00:00,18.4,13.4,24.6,0,,,10.9,37,1015.6,544
2023-06-05 00:00:00,18.2,8.9,25,0,,,9.9,31.5,1015.4,755
2023-06-06 00:00:00,18.4,10.8,24.5,0,,,12.5,40,1015.9,796
2023-06-07 00:00:00,19.1,10.5,25.8,0,,,9.4,34,1015.4,821
2023-06-08 00:00:00,19,11.3,26.4,0.1,,,7.8,41,1013.2,693
2023-06-09 00:00:00,19.9,10.5,27.6,0,,,12.6,37,1011.2,796
2023-06-10 00:00:00,21,12.8,27.1,0,,,10.6,36,1011.6,746
2023-06-11 00:00:00,20.9,13.7,26.9,0,,,14.3,43,1013.2,802
2023-06-12 00:00:00,20.5,12.7,26.5,0,,,15.2,45,1012.2,846
2023-06-13 00:00:00,19,10.8,25.5,0,,,15.6,42,1009.8,867
2023-06-14 00:00:00,18.8,8.2,25.5,0,,,11,41,1011.7,801
2023-06-15 00:00:00,18.5,10,26,0,,,7.4,31,1015.7,609
2023-06-16 00:00:00,19.7,13,26,0.6,,,6.4,26,1016.6,660
2023-06-17 00:00:00,20.1,11,28,0,,,4.8,25,1015.3,804
2023-06-18 00:00:00,21.3,11,31,0,,,4.4,38,1013.1,584
2023-06-19 00:00:00,22.6,18,29,4.7,,,9,36,1013.8,400
2023-06-20 00:00:00,23.2,18,30,5.8,,,8.7,38,1013.1,467
2023-06-21 00:00:00,21.7,17,26,5.9,,,6.8,80,1017,364
2023-06-22 00:00:00,21.4,16.6,27.7,2,,,9.8,59,1015.4,285
2023-06-23 00:00:00,19.7,16.1,24.7,6.5,,,12.4,33,1022.7,480
2023-06-24 00:00:00,20,12.3,25.9,0,,,15.3,49,1023.4,836
2023-06-25 00:00:00,21.5,12.7,29.1,0,,,5.9,26,1017.6,866
2023-06-26 00:00:00,23,13.9,29.5,0,,,13,44,1017,659
2023-06-27 00:00:00,20.5,17.1,25,0,,,10,28,1019.4,407
2023-06-28 00:00:00,19.5,13.1,25.8,0,,,7.4,25,1017.9,466
2023-06-29 00:00:00,20.8,11.9,28,0,,,7.1,28,1014.7,445
2023-06-30 00:00:00,18.8,15.9,21.8,1.8,,,9.5,41,1013,12
2023-07-01 00:00:00,18.9,15.5,23.9,0.4,,,13.2,45,1012.1,240
2023-07-02 00:00:00,19.1,16.2,22.8,2.3,,,10.6,36,1013.6,275
2023-07-03 00:00:00,20.4,16,24.7,0,,,12,43,1015.1,386
2023-07-04 00:00:00,20.6,16,26.6,0.1,,,8.2,31,1015.1,521
2023-07-05 00:00:00,18.2,15.2,21.5,8.3,,,9.8,44,1015.8,360
2023-07-06 00:00:00,19,12.6,26,0,,,5.3,22,1017.6,686
2023-07-07 00:00:00,21.6,11.1,31,0,,,6.7,28,1018,801
2023-07-08 00:00:00,22,17.2,29.1,1.5,,,8.3,45,1018.8,532
2023-07-09 00:00:00,25.2,14.1,34.6,0,,,5,23,1019.2,787
2023-07-10 00:00:00,25,19.4,31.6,0,,,8.5,27.8,1020,579
2023-07-11 00:00:00,26.5,17.4,35.7,9,,,8.6,106,1014.8,667
2023-07-12 00:00:00,20.4,18.1,23.7,33.6,,,8.1,52,1014.6,193
2023-07-13 00:00:00,20,16.4,25.1,1.6,,,8.2,34,1018.1,414
2023-07-14 00:00:00,20.9,11.9,28.6,0,,,6,23,1015.6,710
2023-07-15 00:00:00,24.5,15.4,34,3.5,,,8.4,54,1010.4,626
2023-07-16 00:00:00,19.8,16.2,24.7,5.5,,,8.7,37,1017.6,328
2023-07-17 00:00:00,21.8,16.7,27,2,,,8,32,1019.9,490
2023-07-18 00:00:00,22.1,15.8,27.7,0.7,,,6.3,35,1018.2,600
2023-07-19 00:00:00,23.3,17.4,28,0,,,12.7,46,1014,599
2023-07-20 00:00:00,21.2,17,26,0,,,6.4,27,1014,475
2023-07-21 00:00:00,18.6,13.8,23.1,1,,,8.6,35,1012.5,309
2023-07-22 00:00:00,19.7,12.8,25.7,0,,,7.5,32,1016.1,636
2023-07-23 00:00:00,21,13,29.9,0,,,9.5,51,1013.9,426
2023-07-24 00:00:00,19,15.8,22.1,19,,,9.5,49,1009.2,38
2023-07-25 00:00:00,17.6,13.7,21.8,3.3,,,12,66,1007.7,227
2023-07-26 00:00:00,14.6,11.7,19.2,8.5,,,12.1,40,1016.6,257
2023-07-27 00:00:00,17.1,10.5,24,0,,,6.9,33,1013.9,179
2023-07-28 00:00:00,19.4,13.8,26.2,1.4,,,9.8,35.2,1011.9,314
2023-07-29 00:00:00,19,15.4,25,9.7,,,7.1,42,1013.2,100
2023-07-30 00:00:00,19.9,15.8,24.4,0.8,,,12.2,49,1015.9,422
2023-07-31 00:00:00,18.1,10.8,24.3,0,,,8.1,34,1015.7,413
2023-08-01 00:00:00,18,15.3,20,5.8,,,13,54,1008.1,60
2023-08-02 00:00:00,19.9,12.4,29.3,11.5,,,15.9,67,1003.9,211
2023-08-03 00:00:00,19.4,13.2,23.7,0.1,,,16.1,64,1007.6,534
2023-08-04 00:00:00,17,14.7,21.8,19.6,,,6.7,38,1012.8,192
2023-08-05 00:00:00,16.9,13.8,21.1,0.8,,,7.8,30,1014.5,254
2023-08-06 00:00:00,13.8,11.9,15.3,12.3,,,17.8,54,1013.9,47
2023-08-07 00:00:00,13.7,11.6,17.2,2.5,,,12.5,47,1020.5,278
2023-08-08 00:00:00,15.1,8.4,21.9,0,,,7.5,37,1019.3,471
2023-08-09 00:00:00,18.1,14.5,22.4,0,,,8.2,33,1018.3,76
2023-08-10 00:00:00,20,14,27,0,,,5.6,19,1019.9,667
2023-08-11 00:00:00,21.5,13.2,30,0,,,4.1,18,1021,745
2023-08-12 00:00:00,21.9,16.7,28,0.3,,,5.8,27,1019.1,346
2023-08-13 00:00:00,22.7,17.1,28.9,0.6,,,5.6,29,1017.5,369
2023-08-14 00:00:00,23.7,17,30,0,,,5.4,26,1015.3,491
2023-08-15 00:00:00,24.3,19.3,30.6,0,,,8.4,28,1016.2,435
2023-08-16 00:00:00,23.4,15.8,31,0,,,3.8,20,1017,650
2023-08-17 00:00:00,21.6,16.3,27.6,0,,,8.1,32,1016.7,372
2023-08-18 00:00:00,22.6,13.2,32.1,0,,,4.6,19,1015.6,707
2023-08-19 00:00:00,24.4,15.4,33,0,,,5.3,23,1016.6,566
2023-08-20 00:00:00,25.2,17.4,34,0,,,4,18.5,1019.4,704
2023-08-21 00:00:00,25.7,18.1,34,0,,,4,22,1020.3,735
2023-08-22 00:00:00,26.3,18,34,0,,,4.6,25,1018.4,700
2023-08-23 00:00:00,26.3,19.9,33.2,0,,,7.5,30,1017.6,704
2023-08-24 00:00:00,25.5,18,36,0,,,8.4,80,1014.5,586
2023-08-25 00:00:00,22.6,19,27.7,12.8,,,11.3,54,1013.1,280
2023-08-26 00:00:00,18.6,16.7,21.4,6.5,,,6.5,40,1013.4,37
2023-08-27 00:00:00,16.1,13.7,18.8,18.2,,,7.1,28,1012.4,0
2023-08-28 00:00:00,13.3,11.7,14.3,37.9,,,9.1,32,1011.4,0
2023-08-29 00:00:00,12.1,11.1,13,9.5,,,5.6,18.5,1012.5,3
2023-08-30 00:00:00,14.8,11.2,19.7,0,,,6.4,35,1011,331
2023-08-31 00:00:00,15.3,12.4,18.4,0.3,,,6.5,24.1,1015.1,139
2023-09-01 00:00:00,19.1,13.3,25.2,0,,,7.1,26,1016.5,415
2023-09-02 00:00:00,19.1,11.9,27,0,,,5.7,30,1019.6,622
2023-09-03 00:00:00,19.6,11.7,26.5,0,,,8,25,1024.6,522
2023-09-04 00:00:00,21,15.4,27.8,0,,,15.2,42,1023,566
2023-09-05 00:00:00,20.2,12.3,26.2,0,,,8.8,30,1019.7,645
2023-09-06 00:00:00,19,11.2,26.5,0,,,7.2,25,1019.5,661
2023-09-07 00:00:00,20.6,13.7,28.3,0,,,5.4,17,1018.5,669
2023-09-08 00:00:00,21.6,14.8,30,0,,,4.3,15,1017.9,636
2023-09-09 00:00:00,21.9,15.4,29.1,0,,,2.8,15,1017.2,653
2023-09-10 00:00:00,21.7,14.6,29.6,0,,,3.2,14.8,1017.6,667
2023-09-11 00:00:00,21.3,13.8,29.9,0,,,3.2,14.8,1015,640
2023-09-12 00:00:00,20.6,14.2,28.2,0.5,,,6.7,39,1013.3,399
2023-09-13 00:00:00,18.5,16.4,21.6,10.1,,,6.6,39,1017.5,60
2023-09-14 00:00:00,18.3,15.4,21.2,0.3,,,7.2,31,1020.3,233
2023-09-15 00:00:00,18.4,14.7,23.3,0,,,6.5,19,1017,267
2023-09-16 00:00:00,18.9,12.8,26.1,0,,,5.1,22,1014.7,
2023-09-17 00:00:00,20.8,16.1,27.4,0,,,5.4,20,1014.4,
2023-09-18 00:00:00,18.1,16.5,20.2,1.5,,,8.3,43,1012.7,
2023-09-19 00:00:00,18.2,14.7,22.2,0.1,,,10.8,30,1016.4,
2023-09-20 00:00:00,17,9,24,0,,,5.7,27,1013.7,
2023-09-21 00:00:00,18.4,14,24,4,,,6.1,67,1004.4,
2023-09-22 00:00:00,14.3,12,17,13.6,,,11.4,47,1007.3,
2023-09-23 00:00:00,12.8,10,16,0.2,,,5.7,22,1018.3,
2023-09-24 00:00:00,12.2,7,18,0.1,,,11.3,51,1025.4,
2023-09-25 00:00:00,12.2,3.4,20,0,,,4.4,17,1024.1,
2023-09-26 00:00:00,13.1,6,23,0,,,3.6,13,1023.1,
2023-09-27 00:00:00,13.5,7.3,21.9,0.1,,,4.6,21,1021.6,421
2023-09-28 00:00:00,16.4,9.6,26,0,,,3.5,14.8,1020.1,532
2023-09-29 00:00:00,16.9,9.7,25,0,,,7.5,38,1022.2,502
2023-09-30 00:00:00,17.5,12.7,21.5,0,,,5.8,21,1025.7,195
2023-10-01 00:00:00,14.8,8.8,22.9,0,,,4.5,17,1026.5,444
2023-10-02 00:00:00,15.9,8.3,25.5,0,,,5,18,1023.9,469
2023-10-03 00:00:00,17,10.9,25.3,0.5,,,12.4,59,1021.9,454
2023-10-04 00:00:00,14.1,8.9,18.9,0,,,7.4,24.1,1028.8,326
2023-10-05 00:00:00,11.7,5.8,18.7,0,,,3.5,17,1027.7,227
2023-10-06 00:00:00,11.1,3.7,19.6,0,,,3.8,12,1027.8,341
2023-10-07 00:00:00,13,4.6,22.5,0,,,5.6,24,1027.8,397
2023-10-08 00:00:00,15.1,7.4,25,0,,,5.4,17,1027.2,480
2023-10-09 00:00:00,16.3,9.8,23.1,0,,,7.2,24.1,1024.3,320
2023-10-10 00:00:00,16.1,9.7,23.8,0,,,7.1,18.5,1023,312
2023-10-11 00:00:00,15.7,7.2,24.7,0,,,7,24,1021.2,533
2023-10-12 00:00:00,16.7,10.3,24.6,0,,,10.6,41,1019.7,362
2023-10-13 00:00:00,17.3,9.4,25.4,0,,,10.5,50,1016.8,536
2023-10-14 00:00:00,16.3,11.2,20.7,8.6,,,16.4,59,1015.5,53
2023-10-15 00:00:00,10.7,8.7,13.7,0.2,,,9,36,1022,132
2023-10-16 00:00:00,7.3,3,12.7,0,,,11.9,36,1020.8,290
2023-10-17 00:00:00,5.8,0.5,11.7,0,,,6.7,19,1018,175
2023-10-18 00:00:00,8.2,6.7,10.4,0,,,7.9,23,1009.8,17
2023-10-19 00:00:00,12.7,8.9,17.4,0.9,,,7.1,26,998.1,21
2023-10-20 00:00:00,13.4,9.6,15,3.7,,,11.9,44,985.6,0
2023-10-21 00:00:00,12.5,10,15.1,1.3,,,9.4,47,1000.5,86
2023-10-22 00:00:00,10.2,5.2,15.8,0,,,5.6,22.2,1012.5,297
2023-10-23 00:00:00,10.1,5.8,15,0,,,9.2,26,1012,24
2023-10-24 00:00:00,10.5,8.3,12.6,7.3,,,5.7,20,1007.9,0
2023-10-25 00:00:00,11.3,5.9,14.7,0.8,,,10.4,57,1003.5,63
2023-10-26 00:00:00,12.1,9.9,16,10.8,,,10.8,50,999.8,11
2023-10-27 00:00:00,11,9.1,14.4,14.2,,,14.3,50,999.1,160
2023-10-28 00:00:00,11.7,8.2,16.2,1,,,12.9,74,1005,200
2023-10-29 00:00:00,10.3,5.4,15.7,0,,,7.7,23,1004.9,222
2023-10-30 00:00:00,9,3.3,12.5,7.5,,,5.8,30,1004.6,46
2023-10-31 00:00:00,10.4,8.5,12.6,1.5,,,16.5,50,1009.3,0
2023-11-01 00:00:00,8.1,2.1,11.8,0,,,8.3,43,1010.3,168
2023-11-02 00:00:00,7.2,4.9,9.2,8.9,,,9.1,30,994.8,0
2023-11-03 00:00:00,5.8,2.8,8.1,4,,,7.2,24.1,993.8,31
2023-11-04 00:00:00,6.2,2.5,9.8,11.9,,,11,48,992.7,52
2023-11-05 00:00:00,9.3,4,11.2,4.3,,,22.2,69,992,37
2023-11-06 00:00:00,10,7.2,12.5,2.8,,,18.1,59,1010.4,212
2023-11-07 00:00:00,7.2,3.4,10.6,0.5,,,10.2,60,1018,99
2023-11-08 00:00:00,6,2,11.3,0,,,7.8,32,1020.6,378
2023-11-09 00:00:00,4.8,-0.4,9.5,3.8,,,9.3,42,1013,76
2023-11-10 00:00:00,7.2,4,9.8,9.1,,,12.6,42,1006.6,36
2023-11-11 00:00:00,6.4,4.9,8.3,2.1,,,13.2,57,1010.5,116
2023-11-12 00:00:00,4.4,0.8,10.7,27.9,,,10.2,45,1011.2,0
2023-11-13 00:00:00,12.4,10.3,15.1,7,,,24.1,66,1013.6,0
2023-11-14 00:00:00,10.9,8.8,14.9,33.6,,,20.8,68,1014.2,4
2023-11-15 00:00:00,8.8,4.6,11,3.6,,,12.4,50,1021.7,118
2023-11-16 00:00:00,6.8,2.7,11.9,8.6,,,14.6,90,1015.7,19
2023-11-17 00:00:00,7,5.3,10.4,2.3,,,17.1,82,1021.6,0
2023-11-18 00:00:00,4.2,-0.9,7.2,0.3,,,5.5,24,1027.2,31
2023-11-19 00:00:00,10.7,6.6,13.3,8,,,15.8,61,1019.4,51
2023-11-20 00:00:00,9.7,7.6,12.1,0,,,10.7,37,1016.6,91
2023-11-21 00:00:00,7.4,6.4,8.9,4.4,,,7.8,24.1,1015.4,2
2023-11-22 00:00:00,4.6,2.7,6.4,1.1,,,9.8,32,1025.8,1
2023-11-23 00:00:00,2.6,-0.5,6.3,0,,,6.1,22,1028.7,213
2023-11-24 00:00:00,5.1,1.9,7.7,4.3,,,15.4,54,1015.7,31
2023-11-25 00:00:00,1.7,-0.7,3.4,1.2,,,14.1,38.9,1015.8,93
2023-11-26 00:00:00,1.9,-2,4,0.2,,,8.6,34,1019.6,22
2023-11-27 00:00:00,2,-2.2,6.5,4.8,,,9.8,41,1008.8,1
2023-11-28 00:00:00,3.3,-0.2,4.9,9.1,,,17.2,55,1003.1,0
2023-11-29 00:00:00,0.4,-2.6,4.1,0,,,7,28,1010,194
2023-11-30 00:00:00,0.1,-1.3,1.4,24.2,,,4.9,14.8,1003,0
2023-12-01 00:00:00,0.8,0.1,2.3,29.1,,,5.7,19,1002.1,2
2023-12-02 00:00:00,-0.7,-2.7,0.3,9,,,8.1,21,1011.1,1
2023-12-03 00:00:00,-8.2,-13.4,-3.9,0,,,5.3,14,1026.9,163
2023-12-04 00:00:00,-4.6,-7.1,-2.2,0.1,,,5.3,33,1017,0
2023-12-05 00:00:00,2.6,-0.8,5.1,3,,,14.2,45,1011.8,59
2023-12-06 00:00:00,3.2,1.9,3.9,0.9,,,10.7,36,1017.8,9
2023-12-07 00:00:00,0.5,-1.2,2.3,0,,,4.6,21,1021.1,53
2023-12-08 00:00:00,3,-0.1,5,3.6,,,7,18,1014.7,0
2023-12-09 00:00:00,5.5,4.3,8.6,16.4,,,12.1,66,1013.6,25
2023-12-10 00:00:00,7.9,6.2,9.7,3.1,,,19.4,60,1015.7,39
2023-12-11 00:00:00,9.3,6.1,10,12.4,,,16.8,62,1011.6,0
2023-12-12 00:00:00,8.9,7.3,11.3,20.7,,,10.8,44,1010.1,0
2023-12-13 00:00:00,7.6,6,9.3,6.1,,,12.1,38,1004,3
2023-12-14 00:00:00,6,5.1,7.2,1,,,9.4,24,1017.7,2
2023-12-15 00:00:00,3.9,-1.7,6.1,0,,,4.6,30,1036.9,75
2023-12-16 00:00:00,0.1,-2.1,2.5,0,,,4.4,15,1044,110
2023-12-17 00:00:00,0.2,-1.1,1.5,0,,,4.8,17,1042.9,81
2023-12-18 00:00:00,0.7,-0.5,3.2,0,,,6.3,17,1039.1,171
2023-12-19 00:00:00,2.2,-1,6.6,0,,,8.4,25,1029.9,299
2023-12-20 00:00:00,4.2,2.4,6.6,2.2,,,9.5,46,1022.9,34
2023-12-21 00:00:00,6.7,4.2,9.2,1.4,,,30.9,94,1013.9,0
2023-12-22 00:00:00,7.8,6.6,9,14,,,29.4,81,1012.4,7
2023-12-23 00:00:00,7.5,6.7,8.9,0.5,,,26.8,66,1019.9,24
2023-12-24 00:00:00,7.4,5.3,9.2,7.1,,,16,53,1020.8,74
2023-12-25 00:00:00,7.7,3.1,11,0.3,,,9.2,34,1019.3,153
2023-12-26 00:00:00,4.8,0.6,9.7,0,,,11.3,37,1022.4,140
2023-12-27 00:00:00,1.7,-2,8.6,0,,,4.4,18,1024.3,201
2023-12-28 00:00:00,4.1,0,8.1,0,,,9,32,1023.3,93
2023-12-29 00:00:00,8.5,4.3,11.2,1.4,,,9.8,42,1020.3,89
2023-12-30 00:00:00,6.3,1,10.7,0,,,6.4,32,1019.7,251
2023-12-31 00:00:00,2.1,-2.4,6.9,2.4,,,9.8,63,1012.7,39
2024-01-01 00:00:00,4.9,1.7,8,1.3,,,14.9,53,1015.6,89
2024-01-02 00:00:00,6.3,0.8,9.1,9.3,,,21.3,73,1009.6,0
2024-01-03 00:00:00,10.2,8.1,12.6,7.6,,,30.5,76,1005,98
2024-01-04 00:00:00,6.8,2.5,9.7,4.9,,,20.6,68,1010.8,64
2024-01-05 00:00:00,3.9,1.1,6.7,2.1,,,4.5,14.8,1007,1
2024-01-06 00:00:00,3.8,2.6,4.8,13.5,,,4.7,14,1009.6,1
2024-01-07 00:00:00,2.1,0,3.8,6.5,,,11.2,40,1014.3,0
2024-01-08 00:00:00,-1.9,-2.9,-0.1,0.1,,,22.2,48,1022.1,0
2024-01-09 00:00:00,-3.3,-4.5,-1.7,0.1,,,17.1,40,1026.2,0
2024-01-10 00:00:00,-2.9,-4.8,-1.1,0.7,,,9.6,22,1027.8,34
2024-01-11 00:00:00,-2.6,-3.1,-1.4,0,,,10.9,26,1029.8,15
2024-01-12 00:00:00,-3,-4,-1.8,0,,,7.7,17,1032.3,112
2024-01-13 00:00:00,-2.9,-4,-1.6,0,,,9.4,26,1027.7,79
2024-01-14 00:00:00,-1.9,-4.1,0.6,0,,,12.2,29,1016.1,188
2024-01-15 00:00:00,0.3,-2.3,2.5,0,,,11.1,41,1010,97
2024-01-16 00:00:00,-2.2,-5.8,1.6,0.5,,,5,16.7,1012.7,234
2024-01-17 00:00:00,3.9,-1.1,8.8,23.7,,,10.3,35,997.6,0
2024-01-18 00:00:00,6.4,-0.7,10.8,9.6,,,15.5,64,997.8,0
2024-01-19 00:00:00,-2.1,-5.4,0.3,0.3,,,8.4,24,1022.3,118
2024-01-20 00:00:00,-4.7,-7.7,-1.1,0,,,6.9,26,1032.4,300
2024-01-21 00:00:00,-3.6,-9.1,2.8,0,,,8.1,22,1034,237
2024-01-22 00:00:00,2.9,-5.6,7.6,11.9,,,16.9,53.7,1026.7,17
2024-01-23 00:00:00,7,4.8,8.9,1.9,,,15.1,55,1032.5,75
2024-01-24 00:00:00,11.4,7.2,13.9,2.9,,,24.5,69,1030.9,19
2024-01-25 00:00:00,9.6,8.3,11.9,8.2,,,6.1,31.5,1031.3,2
2024-01-26 00:00:00,8.6,6.4,10.7,1.4,,,6.6,29.6,1031.5,48
2024-01-27 00:00:00,4.4,-1.1,9.1,0,,,8.2,26,1036.8,298
2024-01-28 00:00:00,0.8,-2.6,4.8,0,,,6.4,18,1035.6,170
2024-01-29 00:00:00,-0.3,-2.1,3.5,0,,,4,13,1035,62
2024-01-30 00:00:00,2.7,-2.8,10.6,0,,,4.4,17,1035.4,77
2024-01-31 00:00:00,4.1,-0.7,10.8,0,,,5.9,14,1035.8,272
2024-02-01 00:00:00,5.7,2.2,7.4,1.8,,,8.8,29,1033.8,15
2024-02-02 00:00:00,6.1,3.2,9.5,0,,,6,20,1035.5,74
2024-02-03 00:00:00,5.3,0.2,12.1,0,,,10.6,29,1032.9,376
2024-02-04 00:00:00,5.7,3.3,9.3,0,,,9.1,29.6,1031.6,133
2024-02-05 00:00:00,4.6,1.6,9.4,0,,,8.4,25,1028.7,336
2024-02-06 00:00:00,3.5,-0.9,9.2,0,,,11.7,40,1023.9,235
2024-02-07 00:00:00,6.8,1.9,10.2,3.6,,,20,65,1015.2,72
2024-02-08 00:00:00,9.1,7,11.7,2,,,18.1,56,1005.6,22
2024-02-09 00:00:00,8.9,7,10.6,6.3,,,8.2,54,994.7,0
2024-02-10 00:00:00,8.2,5.4,11.7,0,,,8.2,32,988,8
2024-02-11 00:00:00,6.9,4.8,9.5,2,,,19.5,48,997.4,33
2024-02-12 00:00:00,6.4,4,8.2,3,,,8.3,41,1008.2,28
2024-02-13 00:00:00,5.5,1.4,10.6,0,,,5,21,1021.5,315
2024-02-14 00:00:00,7.6,2,12.7,0,,,8.7,25,1024.8,85
2024-02-15 00:00:00,7.1,-0.2,13.7,0,,,5.7,16,1021.3,212
2024-02-16 00:00:00,9.8,5.3,14.9,0,,,8.4,28,1019.9,85
2024-02-17 00:00:00,9.6,8.3,10.9,2.8,,,5.9,23,1030.9,6
2024-02-18 00:00:00,8.6,4.1,12.1,1.7,,,7.9,29,1032.3,86
2024-02-19 00:00:00,8.9,7.2,10.7,2.7,,,11.8,41,1030.6,90
2024-02-20 00:00:00,7.3,3.8,10.1,0.7,,,7.2,31,1030.8,269
2024-02-21 00:00:00,6.7,1.4,11.8,0,,,8.3,33,1023.1,148
2024-02-22 00:00:00,9,7.7,11.1,24.8,,,16.7,66,1004.1,0
2024-02-23 00:00:00,5.4,2.7,8.9,4.1,,,13.5,68,1000.7,130
2024-02-24 00:00:00,5.6,0.7,9.4,0,,,11.4,44,1005.2,228
2024-02-25 00:00:00,5.2,-1.6,10.9,0,,,7.3,23,1005.5,307
2024-02-26 00:00:00,7.3,3.6,11.2,0,,,6.2,30,1000.3,38
2024-02-27 00:00:00,7.4,4.6,9.9,0,,,11,36,1010.4,6
2024-02-28 00:00:00,7.7,6.7,9.6,0,,,9.4,31,1019.9,54
2024-02-29 00:00:00,6.9,2.5,10.2,0,,,6.5,20,1015,263
2024-03-01 00:00:00,5.7,2,7.8,4.5,,,6.2,20,1009.2,5
2024-03-02 00:00:00,6.1,2.2,11.4,0,,,6.4,27,1004.9,185
2024-03-03 00:00:00,7.9,2.9,16.5,0,,,9.1,39,999.1,173
2024-03-04 00:00:00,6.3,4.3,9.2,0,,,6.5,33,1011,53
2024-03-05 00:00:00,6.4,5.3,8.6,0.1,,,7.9,30,1016.4,3
2024-03-06 00:00:00,3.4,1.8,4.7,23.6,,,8,24,1022.3,0
2024-03-07 00:00:00,4.2,2.3,6.1,0,,,9.9,31,1020.1,111
2024-03-08 00:00:00,3.1,-1.9,6.7,0,,,10.9,33,1011.5,303
2024-03-09 00:00:00,7.8,0.1,14.6,0,,,9.8,29,1002,282
2024-03-10 00:00:00,7,3.8,10.4,6,,,10,45,996.1,91
2024-03-11 00:00:00,6.5,0.5,12.4,0,,,6.9,25.9,1007.6,313
2024-03-12 00:00:00,6.7,5,8.5,1.6,,,7.8,34,1019.1,20
2024-03-13 00:00:00,7.3,4,10,10.6,,,10.2,33,1020.2,25
2024-03-14 00:00:00,8,2.7,16,0,,,4.1,15,1017.2,259
2024-03-15 00:00:00,11.3,6.3,16.3,1,,,11.7,85,1016.4,220
2024-03-16 00:00:00,9.9,6.8,13.3,12,,,13.9,48,1022.2,122
2024-03-17 00:00:00,8.2,3.2,12.5,0,,,4.1,19,1023.4,95
2024-03-18 00:00:00,9.2,8,11.3,14.5,,,7.6,22,1018.4,26
2024-03-19 00:00:00,9.1,3.3,15.6,0.9,,,5.6,17,1020,324
2024-03-20 00:00:00,9.5,1.5,18,0,,,4,18,1020.6,487
2024-03-21 00:00:00,11.8,6.3,17.6,3.8,,,10.2,41,1024,194
2024-03-22 00:00:00,12.1,5.9,19.2,0,,,6.7,26,1020.4,412
2024-03-23 00:00:00,8.5,3.6,11.8,3.8,,,20.6,76,1014.3,173
2024-03-24 00:00:00,5.3,2.5,8.8,9.7,,,17.6,60,1013.6,146
2024-03-25 00:00:00,6.7,2,11.7,0.4,,,10.9,33,1007.1,527
2024-03-26 00:00:00,9.5,2.3,17.6,0,,,8.5,33,993.4,462
2024-03-27 00:00:00,6.5,3.9,9.6,0,,,13.6,55,990.4,46
2024-03-28 00:00:00,5.3,-1.3,12.4,3.6,,,13.7,66,997.1,170
2024-03-29 00:00:00,10.3,0.8,18.1,0,,,9.4,52,999.3,246
2024-03-30 00:00:00,14.6,8.9,20,0,,,16.6,54,997.9,280
2024-03-31 00:00:00,11.7,4.4,19.4,3.1,,,8.1,29,997.5,264
2024-04-01 00:00:00,9.3,7.7,11.3,3.1,,,14.7,61,1001.2,27
2024-04-02 00:00:00,9.6,6.4,13.7,0.1,,,20.6,63,1014.3,354
2024-04-03 00:00:00,7.8,1.6,12.3,1.8,,,12.5,57,1013.9,26
2024-04-04 00:00:00,12.6,10.1,15.6,0.5,,,14.8,49,1016.7,106
2024-04-05 00:00:00,15.8,7.3,22.7,0,,,9.9,54,1016.9,425
2024-04-06 00:00:00,16.2,8.6,25.3,0,,,8.5,20,1017.9,642
2024-04-07 00:00:00,16,8.9,23.2,0,,,5.4,18.5,1017.5,411
2024-04-08 00:00:00,17.1,9.8,25,0,,,7.8,28,1010.9,392
2024-04-09 00:00:00,10.4,5.9,17.7,1.5,,,14.9,67,1016.4,18
2024-04-10 00:00:00,8.1,6,10.9,0,,,9.6,32,1029.3,188
2024-04-11 00:00:00,9.2,1.8,16.7,0,,,8.4,30,1033.6,653
2024-04-12 00:00:00,12.2,4,21,0,,,3.7,18,1033,648
2024-04-13 00:00:00,15.1,5.7,25,0,,,4,14,1028.4,649
2024-04-14 00:00:00,17.9,9.9,26,0,,,10.7,31,1021.9,637
2024-04-15 00:00:00,14.9,11.8,19.2,8.7,,,14.5,66,1012.4,144
2024-04-16 00:00:00,7.7,4.4,12.4,5.5,,,21.4,66,1012.4,220
2024-04-17 00:00:00,5.3,3.3,7.9,3.3,,,13.8,42,1012.5,29
2024-04-18 00:00:00,3.5,1.1,6.8,15.1,,,7.3,31,1017.6,39
2024-04-19 00:00:00,4,0.9,6.1,11.4,,,15.4,56,1019.6,17
2024-04-20 00:00:00,4.4,2.2,8.1,11.2,,,9.6,32,1019.9,51
2024-04-21 00:00:00,2.5,0.2,4.6,8.9,,,7.7,35,1021,28
2024-04-22 00:00:00,2.6,-0.1,4.8,1.3,,,11.8,36,1020.3,3
2024-04-23 00:00:00,4.1,1.8,7.5,0.4,,,12.2,36,1016.8,1
2024-04-24 00:00:00,4.5,1,8,0.1,,,11.3,45,1013.5,207
2024-04-25 00:00:00,5.4,1.6,10.2,0.1,,,9.2,40,1010.5,355
2024-04-26 00:00:00,7.1,0.5,13.5,0,,,5.6,28,1008.3,173
2024-04-27 00:00:00,11.1,0.5,20.8,0,,,9.8,41,1008.5,449
2024-04-28 00:00:00,11.4,7.4,16.2,0,,,14,54,1013.6,136
2024-04-29 00:00:00,12.6,5.1,20.7,0,,,6.8,29,1019.9,432
2024-04-30 00:00:00,15.5,6.9,24.9,0,,,7.2,41,1014.3,572
2024-05-01 00:00:00,16.5,6.9,25.9,0,,,9.3,39,1004.4,484
2024-05-02 00:00:00,13.2,10.3,18,0,,,12.8,69,1002.2,59
2024-05-03 00:00:00,10.6,8.7,13.3,0.1,,,11.9,39,1015.3,31
2024-05-04 00:00:00,12.6,7.6,17.8,0,,,5.5,24,1015.2,222
2024-05-05 00:00:00,15.4,11.6,20.4,1.3,,,14.3,51,1012.2,160
2024-05-06 00:00:00,13,11.5,14.8,10.5,,,7.8,31,1010.9,16
2024-05-07 00:00:00,11.3,10,12.4,10.1,,,4.6,18,1016.2,4
2024-05-08 00:00:00,12.5,9.6,16.4,0.3,,,8.6,34,1022.6,84
2024-05-09 00:00:00,13.7,9.3,18.4,0,,,14.8,43,1023.8,226
2024-05-10 00:00:00,14.6,6,21.5,0,,,11.1,30,1021,749
2024-05-11 00:00:00,15.6,6.9,23.7,0,,,6.3,22.2,1019.1,792
2024-05-12 00:00:00,16.9,8.9,25,0,,,5,17,1016.2,536
2024-05-13 00:00:00,17.5,12.4,23,0,,,5.4,22.2,1013.1,309
2024-05-14 00:00:00,16.8,8.4,25.3,0,,,8.9,50,1006.3,659
2024-05-15 00:00:00,14.7,11.8,18,0.4,,,7.7,61,1005.9,35
2024-05-16 00:00:00,12.7,8,17.4,12.2,,,8.9,36,1006.4,183
2024-05-17 00:00:00,12.5,9.9,17.6,23.8,,,14.8,38.9,1009.3,132
2024-05-18 00:00:00,13.8,4.9,21.3,3,,,8.5,38,1012.3,480
2024-05-19 00:00:00,14.6,8.6,21.1,0.1,,,7.8,28,1012.3,468
2024-05-20 00:00:00,16.7,8.7,23.4,0,,,8.1,27.8,1009.1,592
2024-05-21 00:00:00,14.2,12.7,16.2,13.8,,,10.7,49,1008.8,55
2024-05-22 00:00:00,14.6,11.9,18.6,1.3,,,9.4,32,1012.9,248
2024-05-23 00:00:00,12.6,10.5,14.7,19.1,,,6.7,28,1017.5,33
2024-05-24 00:00:00,13,9.8,18.9,1.8,,,6,67,1018.7,234
2024-05-25 00:00:00,13.6,7.2,18.9,0,,,5.8,24,1018.5,409
2024-05-26 00:00:00,15.4,6.5,22.7,0.1,,,5.2,31,1018.4,476
2024-05-27 00:00:00,14.9,13.4,17.5,18.2,,,5.5,26,1018.9,76
2024-05-28 00:00:00,15.1,11.5,19.5,4.4,,,7.8,26,1020.5,441
2024-05-29 00:00:00,13.7,10.2,18.7,3.4,,,6.4,30,1016.3,129
2024-05-30 00:00:00,14.7,13.1,17.8,19.1,,,10.5,35,1008.3,76
2024-05-31 00:00:00,11.1,9.9,12.5,26.5,,,12.7,39,1011.6,1
2024-06-01 00:00:00,12.5,10.4,15,9.8,,,7,23,1016.8,12
2024-06-02 00:00:00,14.2,12,17.5,6.7,,,5.7,22,1018.6,52
2024-06-03 00:00:00,14.5,13.2,16.8,5.8,,,7.5,24,1017.7,51
2024-06-04 00:00:00,17.2,12.3,22.5,0,,,6.4,20.4,1014.6,540
2024-06-05 00:00:00,18.5,12.3,22.9,0.5,,,6.6,31.5,1014.2,366
2024-06-06 00:00:00,18.6,12.3,26,3.1,,,9.7,50,1016.4,426
2024-06-07 00:00:00,19.8,14.4,24.9,0.1,,,8,27,1017.3,329
2024-06-08 00:00:00,19.6,15.6,24.2,2.4,,,7.1,41,1013.3,220
2024-06-09 00:00:00,18.2,15.9,21.7,11.3,,,9,40,1008.2,53
2024-06-10 00:00:00,17.4,14.2,22.1,14.9,,,11.8,37,1008.7,438
2024-06-11 00:00:00,12.2,10.1,16.4,3.7,,,7,31,1015.6,36
2024-06-12 00:00:00,13.6,6.7,19.4,0.2,,,7.3,29,1017.6,417
2024-06-13 00:00:00,14.9,9.2,20.3,0.1,,,6.6,29,1017.4,581
2024-06-14 00:00:00,15.7,11.3,20,1.1,,,9,47,1013.5,96
2024-06-15 00:00:00,16,13.1,20.1,9.1,,,9.3,34,1010.7,156
2024-06-16 00:00:00,16.9,10.9,22.9,0.2,,,7.2,40,1011.9,372
2024-06-17 00:00:00,17.8,13.7,23,0.4,,,8.2,31,1014.7,188
2024-06-18 00:00:00,21.2,12.6,30.3,0.1,,,6.4,33,1013.5,517
2024-06-19 00:00:00,22.7,15.3,29.4,0,,,8.5,47,1013.1,614
2024-06-20 00:00:00,21.4,18.3,25.9,0,,,8.3,30,1017,57
2024-06-21 00:00:00,17.6,15.8,20.2,18.4,,,8.1,51,1016,16
2024-06-22 00:00:00,14.9,12.8,18.7,16.8,,,8.6,45,1017.4,71
2024-06-23 00:00:00,15.5,12.1,19.3,0,,,6.6,33,1018.2,99
2024-06-24 00:00:00,20.2,13.2,26.1,0,,,15.5,50,1015.3,533
2024-06-25 00:00:00,20.3,15.1,27.3,9.6,,,10.6,48,1011.5,587
2024-06-26 00:00:00,18.9,15.4,24.6,4,,,6.6,27,1011.6,260
2024-06-27 00:00:00,22.4,16.3,27.9,0,,,9.4,37,1011.7,456
2024-06-28 00:00:00,22.7,17.3,27.3,19.1,,,8.6,52,1015.8,466
2024-06-29 00:00:00,22.8,17.4,28.7,0.6,,,8,52,1011.7,322
2024-06-30 00:00:00,19.4,16.3,22.5,14.5,,,13.2,51,1011.6,69
2024-07-01 00:00:00,18.4,15.9,23.6,0.1,,,10.2,67,1015.7,197
2024-07-02 00:00:00,16.1,13.2,20.2,2.8,,,10,35,1016.8,134
2024-07-03 00:00:00,14.6,12.9,18.1,1.8,,,8.1,31,1013.3,14
2024-07-04 00:00:00,17.3,12.7,22,0,,,13.9,49,1013,191
2024-07-05 00:00:00,19.3,13.4,24.4,0,,,7.4,26,1014,480
2024-07-06 00:00:00,18.1,13.9,25.9,7.5,,,9.3,48,1009.5,193
2024-07-07 00:00:00,15.8,12.7,18.5,2.7,,,7.8,28,1015.5,93
2024-07-08 00:00:00,19.2,11.1,26,0,,,5.3,24,1016.7,572
2024-07-09 00:00:00,22.8,14.4,30.9,0,,,4.8,20.4,1015.3,731
2024-07-10 00:00:00,21.7,19.4,24.8,4.8,,,6.3,24.1,1017,195
2024-07-11 00:00:00,22.7,19,27.9,8.3,,,6.5,32,1016.6,473
2024-07-12 00:00:00,20.5,16.4,25.4,6.7,,,8.4,48,1012.3,55
2024-07-13 00:00:00,17.2,14,21,4.2,,,7.9,24,1014.4,236
2024-07-14 00:00:00,18.2,10.9,24.6,0,,,4.7,36,1014.3,514
2024-07-15 00:00:00,20.9,14.1,29,5,,,6.1,66,1012.4,305
2024-07-16 00:00:00,20.7,18.4,23.7,17.9,,,9.3,34,1015.8,285
2024-07-17 00:00:00,20.6,17.1,24.7,0,,,6.4,24,1020.1,440
2024-07-18 00:00:00,21.1,14.4,27.6,0,,,6.9,20.4,1019.8,694
2024-07-19 00:00:00,22.8,15.4,30.1,0,,,5,25,1017.5,619
2024-07-20 00:00:00,23.6,15.5,30.6,0,,,4.6,22,1011.1,760
2024-07-21 00:00:00,21.9,17.3,27.5,0.6,,,9.7,57,1009.4,293
2024-07-22 00:00:00,20.4,17.6,23.1,2.3,,,7.7,30,1017.4,229
2024-07-23 00:00:00,21.4,17.7,26.5,0,,,9.3,39,1019.8,309
2024-07-24 00:00:00,20.2,17.2,24,0,,,7.9,36,1019.1,394
2024-07-25 00:00:00,19.8,13.9,26.1,0,,,6.7,22.2,1014.9,650
2024-07-26 00:00:00,21.1,13.8,28.4,0,,,5.1,26,1012.6,556
2024-07-27 00:00:00,22.6,15.3,31.4,0.4,,,6.8,36,1013.6,351
2024-07-28 00:00:00,20.6,18.6,23.7,3.9,,,9.2,25,1022,260
2024-07-29 00:00:00,21.1,14,27.4,0,,,10.4,28,1021.3,726
2024-07-30 00:00:00,23.8,15.1,32.8,0,,,4.3,16.7,1016.8,670
2024-07-31 00:00:00,23.4,16.6,32.7,0.3,,,8.2,57,1014,539
2024-08-01 00:00:00,21,16.9,25.1,24.2,,,8.4,51,1013.2,200
2024-08-02 00:00:00,22.5,17.9,27.8,2.5,,,8.2,33,1012.1,340
2024-08-03 00:00:00,21.1,16.5,25.8,0.1,,,7,28,1013.2,407
2024-08-04 00:00:00,20.8,16.9,24.8,0,,,9.1,30,1015.5,284
2024-08-05 00:00:00,22,16.8,27,0,,,5.1,17,1014.4,559
2024-08-06 00:00:00,22.1,14.7,29.6,0,,,5.6,29,1012,724
2024-08-07 00:00:00,20.5,16,25.5,10.7,,,6,41,1013.8,257
2024-08-08 00:00:00,21.3,17.8,25.5,0,,,7.1,28,1016.4,278
2024-08-09 00:00:00,21.4,13.7,28.4,0,,,6.2,26,1018.6,650
2024-08-10 00:00:00,23.2,17,30,0,,,4.6,18.5,1020.4,729
2024-08-11 00:00:00,23.7,15.5,31.5,0,,,7,29,1018.5,674
2024-08-12 00:00:00,25.3,19.5,32.7,9.9,,,8.2,62,1013.4,477
2024-08-13 00:00:00,23.5,17.5,31,1,,,6.6,31,1010.9,658
2024-08-14 00:00:00,24.2,19.3,28.3,0,,,9.8,40,1012,406
2024-08-15 00:00:00,22.8,16,29,0,,,6.2,22,1016.6,644
2024-08-16 00:00:00,23.7,18,29.5,0,,,6.1,27,1016.4,477
2024-08-17 00:00:00,21.3,19.8,23.5,1,,,5.8,23,1014.3,127
2024-08-18 00:00:00,18.3,16.8,19.9,4.5,,,8.4,32,1011.8,8
2024-08-19 00:00:00,18.2,15.8,21.5,0.4,,,10.7,37,1016.9,274
2024-08-20 00:00:00,18.8,14.1,24.9,0,,,6.4,37,1014,385
2024-08-21 00:00:00,18.7,12.1,22.3,0,,,9.3,39,1017.8,311
2024-08-22 00:00:00,17.5,10.1,25.6,0,,,5.4,26,1015.7,641
2024-08-23 00:00:00,20.3,11.8,29.4,0,,,7.5,36,1014.2,667
2024-08-24 00:00:00,22.5,12.7,33.1,0,,,6.1,22,1013,676
2024-08-25 00:00:00,17.8,14.6,24.3,3.8,,,9.4,49,1021.2,151
2024-08-26 00:00:00,17.3,14.8,20.5,0,,,9.3,27.8,1021.9,225
2024-08-27 00:00:00,17.6,12.3,23.1,0,,,10.4,33.3,1020,584
2024-08-28 00:00:00,20.8,12.5,30,0,,,3.9,16.7,1017.5,577
2024-08-29 00:00:00,22.8,14.2,31.6,0,,,4.1,24.1,1017.8,560
2024-08-30 00:00:00,22.4,14.5,30.6,,,,5.2,20.4,1017,406
2024-08-31 00:00:00,23.1,15.7,30.7,0,,,7,20.4,1016.9,435
2024-09-01 00:00:00,22.5,16.3,31.1,2.3,,,7.2,24.1,1014.7,430
2024-09-02 00:00:00,21.4,17,26.3,0.6,,,5.5,24.1,1013.8,488
2024-09-03 00:00:00,22,17,27.6,0,,,5.1,22,1014.6,520
2024-09-04 00:00:00,20.9,17.1,25.3,18.1,,,7.7,42,1014.1,176
2024-09-05 00:00:00,19.4,15.6,23.1,0.6,,,11.6,38,1007.3,56
2024-09-06 00:00:00,18.3,13.3,24,0,,,5.6,24,1011.6,489
2024-09-07 00:00:00,19.9,13,28.2,0,,,6.5,25.9,1011.3,581
2024-09-08 00:00:00,17.6,14.6,19.6,9.2,,,7,24,1011.2,55
2024-09-09 00:00:00,15.2,13,17.6,11.5,,,12,44,1010.4,14
2024-09-10 00:00:00,15.4,11,18.6,0.7,,,11.7,46,1015.4,190
2024-09-11 00:00:00,12.3,8.9,14.6,17.3,,,12,47,1012.5,29
2024-09-12 00:00:00,9.1,6.1,13.8,6.1,,,6.9,33,1015.4,114
2024-09-13 00:00:00,8.6,4.4,11.6,2.8,,,6.3,41,1021.2,6
2024-09-14 00:00:00,9.7,6,13.2,2.5,,,5.9,19,1028.4,51
2024-09-15 00:00:00,9.2,2.6,15.2,0,,,8.7,36,1026.7,540
2024-09-16 00:00:00,8.9,5.2,13.1,3.2,,,5.3,23,1024.4,15
2024-09-17 00:00:00,12.2,9.1,17.2,7,,,11.4,44,1021.5,129
2024-09-18 00:00:00,13.6,7,20.2,0,,,11,44,1019.5,392
2024-09-19 00:00:00,14,8,20.7,0,,,7.8,32,1017.8,350
2024-09-20 00:00:00,14.1,8.5,22,0,,,4.1,20,1019.5,438
2024-09-21 00:00:00,15.1,9.1,23,0,,,3.9,17,1019.5,495
2024-09-22 00:00:00,14.7,8.2,21.7,0.1,,,3.5,14,1016.4,237
2024-09-23 00:00:00,15.4,13.1,18.2,10.3,,,8.1,29,1012.3,32
2024-09-24 00:00:00,14.5,10.7,19.5,1.9,,,12.6,46,1010.7,237
2024-09-25 00:00:00,15.9,12.6,19.1,0.1,,,12.1,42,1010.6,206
2024-09-26 00:00:00,14.6,12.8,16.4,52.3,,,8.7,41,1004,0
2024-09-27 00:00:00,14.2,11.6,17.2,0.5,,,15.8,58,1007.2,93
2024-09-28 00:00:00,11,8.5,12.6,3.9,,,12.2,50,1019.2,8
2024-09-29 00:00:00,9.4,4.2,14.4,0,,,9.2,39,1025.9,239
2024-09-30 00:00:00,13.2,8.3,20.3,1.7,,,8.5,57,1018.3,210
2024-10-01 00:00:00,12.7,9.7,14.6,19.6,,,5.9,23,1013.6,2
2024-10-02 00:00:00,11.7,8,13.7,13.2,,,9.9,35,1009.7,104
2024-10-03 00:00:00,9.9,6.2,12.9,0,,,14.4,36,1012.2,33
2024-10-04 00:00:00,10.1,8.8,11.6,0.9,,,15.4,41,1015.7,11
2024-10-05 00:00:00,9.2,5.9,12.8,0,,,7.8,29.6,1017.3,126
2024-10-06 00:00:00,9.6,5.9,13.2,0.7,,,5,22,1012,22
2024-10-07 00:00:00,14.2,8.3,21,0.5,,,7.3,21,1007.9,138
2024-10-08 00:00:00,13.6,11.9,15.1,7.9,,,6.6,21,1005.6,0
2024-10-09 00:00:00,12.8,9.1,16.7,0,,,7.3,28,999.3,129
2024-10-10 00:00:00,14,11.2,16.5,7.1,,,15.3,63,1002.1,117
2024-10-11 00:00:00,11,6.2,14.4,2.3,,,9.3,27,1015.9,242
2024-10-12 00:00:00,9.3,6,12.5,9.5,,,6.8,30,1016.7,69
2024-10-13 00:00:00,13.8,10.7,17.2,5.7,,,13.7,43,1017.9,32
2024-10-14 00:00:00,12.8,9.1,19.9,0,,,9.2,45,1019.5,133
2024-10-15 00:00:00,13,9.1,15.1,2.5,,,6.4,18.5,1019.5,3
2024-10-16 00:00:00,13.6,12.5,15,0,,,8,28,1014.8,11
2024-10-17 00:00:00,13.9,10.2,18.3,0,,,5.2,17,1014.8,99
2024-10-18 00:00:00,13.2,9.6,16.2,0,,,6.8,28,1014.5,22
2024-10-19 00:00:00,11.6,8.1,14.7,0,,,4.2,16,1019.6,46
2024-10-20 00:00:00,12.3,9.1,14.9,0,,,4.5,15,1023.7,74
2024-10-21 00:00:00,10.9,6.7,17.9,0.1,,,3.4,12,1027.6,236
2024-10-22 00:00:00,14.4,10.3,19.2,1.7,,,8.4,21,1028.6,54
2024-10-23 00:00:00,12,10.9,13.2,15.4,,,12,28,1032,1
2024-10-24 00:00:00,12,9.6,15.4,0,,,5.3,17,1027,145
2024-10-25 00:00:00,10.3,9.1,12.1,0,,,4.8,17,1022.6,136
2024-10-26 00:00:00,11.1,10.3,12,0,,,7.6,23,1019.1,55
2024-10-27 00:00:00,12.4,7.7,17.5,0,,,5.8,20,1022.6,182
2024-10-28 00:00:00,10,7.6,14.4,0.1,,,4.4,11,1028,266
2024-10-29 00:00:00,10.1,8.3,11.7,0.2,,,3.7,12,1028.5,199
2024-10-30 00:00:00,10,8.9,10.9,0.2,,,4.7,16,1028.3,118
2024-10-31 00:00:00,10.4,9.3,11.6,0,,,5.7,16,1028.5,58
2024-11-01 00:00:00,9.9,6.9,14.1,0,,,6.9,17,1027,223
2024-11-02 00:00:00,7.3,4.5,9.2,0,,,10.3,27,1028.8,14
2024-11-03 00:00:00,8.4,7.4,9.7,0,,,6.2,22,1030.2,58
2024-11-04 00:00:00,7.9,7.4,8.9,0,,,6.3,25,1028.4,73
2024-11-05 00:00:00,8,5.3,11.7,0,,,5,15,1027.2,117
2024-11-06 00:00:00,7.6,5.1,13,0.1,,,4.5,15,1029.9,85
2024-11-07 00:00:00,9.3,8.1,10.3,0,,,9.6,23,1030.2,7
2024-11-08 00:00:00,8.1,4.5,10.6,0,,,5.7,15,1027.3,103
2024-11-09 00:00:00,7.2,5.5,8.4,0,,,4.1,14,1027.3,65
2024-11-10 00:00:00,6.8,6.4,7.3,0,,,6.9,35,1028.1,42
2024-11-11 00:00:00,6,5.2,6.8,7.6,,,7.7,21,1029.5,22
2024-11-12 00:00:00,5.6,3,6.9,1.3,,,11.4,39,1026.7,7
2024-11-13 00:00:00,3.4,3,4.1,0.1,,,9.4,24.1,1030.2,0
2024-11-14 00:00:00,2.9,0,5,0,,,7,23,1030.1,57
2024-11-15 00:00:00,3.8,0,9,0,,,4.9,28,1028,95
2024-11-16 00:00:00,2.1,-2,6,0,,,7.9,21,1023.8,139
2024-11-17 00:00:00,5.2,1,8,0,,,10,36,1018.4,94
2024-11-18 00:00:00,7.4,4.7,9.4,0,,,8.9,40.8,1016.5,74
2024-11-19 00:00:00,8.6,6.7,10.8,6.7,,,20.6,64,1006.8,2
2024-11-20 00:00:00,4,1.6,9.4,13,,,16.2,59.3,1006.2,146
2024-11-21 00:00:00,0.6,-1,2.5,8.1,,,11.4,37,1002.9,18
2024-11-22 00:00:00,-0.7,-3,1,4.6,,,11.4,43,1011.8,5
2024-11-23 00:00:00,1.2,-1.9,3.9,0,,,8.8,41,1025.4,198
2024-11-24 00:00:00,5.6,0.9,10.2,0,,,11.7,37,1023.4,123
2024-11-25 00:00:00,6.9,-1.8,15.6,0,,,7.9,27,1017,233
2024-11-26 00:00:00,8.4,2.6,11.1,8,,,8.2,30,1022.9,188
2024-11-27 00:00:00,5.3,0.8,10.9,0,,,4.7,21,1024.4,75
2024-11-28 00:00:00,5.9,-0.7,9.7,12.6,,,11.2,51,1026.6,7
2024-11-29 00:00:00,1.9,-0.3,5.1,0,,,9.8,32,1032.9,142
2024-11-30 00:00:00,1.1,0,2.1,0,,,7.1,36,1032.3,49
2024-12-01 00:00:00,1.1,-2,4.8,0,,,7.6,24,1028.9,109
2024-12-02 00:00:00,4.5,-0.6,8.1,7.3,,,5.9,26,1022.1,12
2024-12-03 00:00:00,5.7,2.6,7.5,0.5,,,8,19,1021.4,36
2024-12-04 00:00:00,3.3,1.4,5.6,3.4,,,7.6,19,1026.8,0
2024-12-05 00:00:00,1.8,-0.7,5.2,0.4,,,7,32,1026.8,61
2024-12-06 00:00:00,7.5,4.8,8.8,19.9,,,20.1,60,1017.8,102
2024-12-07 00:00:00,6.7,4,8.3,6.6,,,11,51,1010.5,6
2024-12-08 00:00:00,4.3,3.2,5.4,1.3,,,7.4,27.8,1006.5,0
2024-12-09 00:00:00,3.4,2.7,3.9,2.6,,,18.2,37,1015.1,0
2024-12-10 00:00:00,2.7,2.1,3.2,0,,,16.5,35.2,1022.4,0
2024-12-11 00:00:00,2.4,2.2,2.9,0,,,9.6,27.8,1027.8,17
2024-12-12 00:00:00,2,1.1,2.9,0,,,9.4,23,1030.2,52
2024-12-13 00:00:00,0.8,-0.1,1.9,0,,,6.1,22,1029,16
2024-12-14 00:00:00,1.9,-0.1,4,3.5,,,6.5,24,1025.2,0
2024-12-15 00:00:00,3.1,1.5,4.6,0,,,8,31,1034,22
2024-12-16 00:00:00,3.6,0.2,8.7,0,,,7.3,22,1039.1,215
2024-12-17 00:00:00,2.6,-0.2,8.6,0,,,6.2,19,1033,154
2024-12-18 00:00:00,5,0.4,8.9,0,,,9.3,27,1025.6,54
2024-12-19 00:00:00,5.8,1.7,10.7,3.2,,,17.2,78,1011.6,0
2024-12-20 00:00:00,1.6,-3,3.4,0.1,,,8.9,31.5,1024.3,8
2024-12-21 00:00:00,2.9,-0.6,5.7,1.5,,,14,46,1025.1,79
2024-12-22 00:00:00,4,0.2,7.2,19.7,,,19.1,72,1010.6,0
2024-12-23 00:00:00,1.3,0.4,2.6,1.3,,,8.4,33,1016.5,1
2024-12-24 00:00:00,1.6,-1.1,3.3,0,,,5,28,1030.1,13
2024-12-25 00:00:00,0.1,-2.1,2.7,0,,,7.5,21,1037,134
2024-12-26 00:00:00,-1.1,-3.6,1.5,0,,,7.1,22,1036.8,175
2024-12-27 00:00:00,-1,-1.8,-0.1,0,,,6.1,15,1036.2,97
2024-12-28 00:00:00,-1.2,-2,-0.1,0,,,5.7,13,1034,70
2024-12-29 00:00:00,-1.1,-2.3,2.1,0,,,6.2,14.8,1033.3,108
2024-12-30 00:00:00,-2.2,-3,-1.4,0,,,4.3,14,1034.5,26
2024-12-31 00:00:00,-1.8,-3,1.8,0,,,8.5,18,1033.9,153
2025-01-01 00:00:00,0.3,-2.9,6.5,0,,,10,27,1028.8,241
2025-01-02 00:00:00,5.4,0.4,9.5,18.2,,,21.6,94,1017.4,28
2025-01-03 00:00:00,0,-4.3,1.8,0.2,,,6.7,26,1024,97
2025-01-04 00:00:00,-3.8,-6.2,-0.8,11,,,4.6,19,1023,20
2025-01-05 00:00:00,3.6,-0.7,5.9,24.7,,,13.9,33,1008.3,4
2025-01-06 00:00:00,5.9,0.3,11,10,,,12.4,56,1001.4,36
2025-01-07 00:00:00,5.2,3.3,7.3,3.7,,,15.9,75,1008.8,104
2025-01-08 00:00:00,6.7,1.7,11.6,7.2,,,16,58,1006.6,0
2025-01-09 00:00:00,7.8,2,11.4,6.7,,,21.1,84,1006.3,4
2025-01-10 00:00:00,1.3,-0.8,2.9,0.1,,,7.8,29,1021.4,51
2025-01-11 00:00:00,-1.7,-4.6,2,0,,,8.5,27,1026.2,264
2025-01-12 00:00:00,-2.5,-6.3,1.9,0,,,8.3,27,1037.3,134
2025-01-13 00:00:00,-3.2,-6,-0.8,0,,,12.7,43,1040.1,295
2025-01-14 00:00:00,-3.2,-6,0.3,0,,,6.5,25,1037,178
2025-01-15 00:00:00,-1.6,-7.8,1.9,0,,,7.7,39,1034,11
2025-01-16 00:00:00,2.3,1.5,3.6,0,,,15.8,41,1034.7,17
2025-01-17 00:00:00,0.8,-0.2,1.6,0,,,10.6,29,1036.4,1
2025-01-18 00:00:00,-0.4,-1.3,0.4,0,,,10.7,30,1031.6,44
2025-01-19 00:00:00,-1.2,-2.1,0.2,0,,,4.7,22,1024.4,13
2025-01-20 00:00:00,-2.5,-4.4,-0.6,0,,,3.8,13,1022.4,23
2025-01-21 00:00:00,-1.9,-3.1,-0.5,0,,,3.9,13,1020.3,68
2025-01-22 00:00:00,-0.8,-2,1,0.4,,,4.8,15,1013.7,0
2025-01-23 00:00:00,3.4,-0.5,6.4,2.8,,,9,47,1012.5,9
2025-01-24 00:00:00,5.2,0.5,10,0,,,8.9,31,1015.6,70
2025-01-25 00:00:00,7.3,1.5,15.5,0,,,6.5,28,1011.2,75
2025-01-26 00:00:00,7.1,4.9,10.1,1.1,,,13.5,65,1011.9,276
2025-01-27 00:00:00,6.4,4.5,8.9,34.1,,,9.5,54,1004.8,0
2025-01-28 00:00:00,5.8,4.8,8,7,,,12.2,43,1002.7,14
2025-01-29 00:00:00,6,-0.8,9.7,0.1,,,18,57.4,1011.3,162
2025-01-30 00:00:00,2.6,-2.4,7.7,0.1,,,5.2,18,1017.9,27
2025-01-31 00:00:00,4.1,3.1,5.5,0.8,,,8.8,23,1027.8,0
2025-02-01 00:00:00,1.8,1.1,3.1,0,,,12.1,31,1028.5,1
2025-02-02 00:00:00,1.6,0.8,2.7,0,,,6.7,20,1025.3,14
2025-02-03 00:00:00,1.3,0.6,1.8,0,,,7.8,21,1028.6,38
2025-02-04 00:00:00,1,-2.8,4.2,0,,,4.8,13,1031.4,110
2025-02-05 00:00:00,-1.9,-4.5,0.9,0,,,4,13,1038.9,195
2025-02-06 00:00:00,0.9,-0.9,2.2,0,,,8.5,32,1036,3
2025-02-07 00:00:00,1.7,-1.7,5,0,,,10.3,30,1025.4,33
2025-02-08 00:00:00,0.9,-3.8,8.2,0,,,5,17,1023.1,182
2025-02-09 00:00:00,3.8,-0.1,8,0,,,4.3,17,1027.2,67
2025-02-10 00:00:00,2.4,-1.8,5.9,3.6,,,5.4,17,1024.9,7
2025-02-11 00:00:00,5.6,3.9,6.9,13.8,,,4.6,18,1021.6,1
2025-02-12 00:00:00,7.5,4.6,10.2,1.2,,,6,20.4,1018.4,32
2025-02-13 00:00:00,5.8,2.2,8,5.4,,,9.6,41,1017.6,0
2025-02-14 00:00:00,-0.5,-3.4,2.2,2.2,,,11.4,30,1024,6
2025-02-15 00:00:00,-1.9,-3.9,0.4,0,,,8.4,37,1023.4,211
2025-02-16 00:00:00,-0.6,-3.1,1.9,0,,,6.4,18.5,1018.7,26
2025-02-17 00:00:00,0.4,-0.5,1.2,0,,,11.5,30,1021.5,72
2025-02-18 00:00:00,0.3,-0.9,1.8,0,,,12.1,31,1023.9,125
2025-02-19 00:00:00,-0.3,-2.4,4.1,0,,,7.3,27,1025.9,92
2025-02-20 00:00:00,2.2,-2.6,10.3,0,,,4.1,14,1028.7,114
2025-02-21 00:00:00,3.7,-2,12.9,0,,,3.4,13,1026,81
2025-02-22 00:00:00,6.4,0.4,15.7,0,,,4.9,22,1022.4,68
2025-02-23 00:00:00,7.7,5.7,10.1,1.4,,,4.4,14,1030.3,5
2025-02-24 00:00:00,7.9,5.9,11.3,0,,,5.7,17,1026.5,28
2025-02-25 00:00:00,7.5,5.7,9.8,0.6,,,9,65,1016.6,0
2025-02-26 00:00:00,4.9,1.4,7.3,1.3,,,17.2,71,1020.6,0
2025-02-27 00:00:00,3,-0.9,6.5,1.8,,,9.7,26,1021.5,18
2025-02-28 00:00:00,2.5,-4.2,6.3,0,,,6.8,25,1024.5,89
2025-03-01 00:00:00,3.5,1.9,5,0,,,17.3,47,1027.2,23
2025-03-02 00:00:00,4,1.7,9.1,0,,,12.6,40,1030.5,149
2025-03-03 00:00:00,2.7,-3.9,10.8,0,,,5.1,15,1029.3,431
2025-03-04 00:00:00,3.7,-3.5,13.4,0,,,4.3,20,1027.2,429
2025-03-05 00:00:00,5.1,-3,15.3,0,,,2.5,13,1026.4,480
2025-03-06 00:00:00,6.4,-2.1,16.5,0,,,3.3,13,1023.2,478
2025-03-07 00:00:00,6.2,-2.4,15.9,0,,,4.2,18,1019.8,458
2025-03-08 00:00:00,6.6,-3.1,17,0,,,5,24,1013.8,432
2025-03-09 00:00:00,8.5,-0.9,18.1,0,,,6.8,23,1004.9,304
2025-03-10 00:00:00,7.7,2.6,13.6,0,,,7,27.8,1003.1,45
2025-03-11 00:00:00,7.1,-0.5,14.8,0,,,4,21,1003.3,139
2025-03-12 00:00:00,5.9,1.8,9,3.3,,,6.6,22.2,998.7,0
2025-03-13 00:00:00,5.6,3.4,9,1.5,,,8.4,33.3,997.4,1
2025-03-14 00:00:00,4.2,1.3,7.1,0,,,11.5,27.8,1005,0
2025-03-15 00:00:00,5.2,4.1,6.8,0,,,20.6,35.2,1008.6,0
2025-03-16 00:00:00,3.7,2.9,4.8,4.4,,,7,24.1,1016.3,50
2025-03-17 00:00:00,4.8,2.6,9.5,,,,19.3,25.9,1023,248
2025-03-18 00:00:00,3.8,-1.8,9.9,,,,12.7,31.5,1025.5,449
2025-03-19 00:00:00,5.6,-3.2,15.7,,,,4,22.2,1027,511
2025-03-20 00:00:00,8.1,-1.1,18.5,0,,,3.9,20.4,1025,501
2025-03-21 00:00:00,9.8,1.8,17.2,0,,,7.2,36,1015.7,341
2025-03-22 00:00:00,13.5,6.1,20.4,0,,,7.9,30,1004.6,307
2025-03-23 00:00:00,10.6,8,14.1,1.5,,,7.1,26,1005.6,50
2025-03-24 00:00:00,10.6,6.4,15.6,2.5,,,7,35,1013.2,116
2025-03-25 00:00:00,9.4,6.5,13.7,4.7,,,6.2,26,1019.2,103
2025-03-26 00:00:00,9.2,7.2,12.8,2.1,,,5.3,24,1020.1,8
2025-03-27 00:00:00,8.2,4.6,11.2,3.8,,,15.8,44.5,1018.7,95
2025-03-28 00:00:00,8.2,3.2,11.3,0,,,6.2,26,1012.7,124
2025-03-29 00:00:00,8.7,7.2,11,6.3,,,9.7,32,1014.8,1
2025-03-30 00:00:00,9.4,3.5,14.4,0,,,10.9,36,1020.5,282
2025-03-31 00:00:00,8.5,5.5,10.9,0,,,11.8,35,1023.1,161
2025-04-01 00:00:00,7.1,3.3,11.1,0,,,32,83,1020.5,230
2025-04-02 00:00:00,10.8,5.2,17.4,0,,,21,71,1015.8,421
2025-04-03 00:00:00,11.2,2.2,19.6,0,,,10,34,1020.2,529
2025-04-04 00:00:00,11.9,3.1,20.5,0,,,7.6,27,1017.8,531
2025-04-05 00:00:00,12.9,2.9,20.6,0,,,6.8,30,1013.6,471
2025-04-06 00:00:00,9.1,5.6,13.4,0,,,21.2,51.8,1018.3,517
2025-04-07 00:00:00,6.6,-1.1,13.3,0,,,13.5,50,1022.3,553
2025-04-08 00:00:00,7.5,-1.2,15.2,0,,,9.3,28,1024.4,528
2025-04-09 00:00:00,9.1,0.3,16.3,0,,,8.8,32,1021.8,490
2025-04-10 00:00:00,10.3,1,17.8,0,,,6.2,31,1024.7,532
2025-04-11 00:00:00,11.1,1,20.9,0,,,3.5,17,1021.1,574
2025-04-12 00:00:00,13.2,5.3,20.4,0,,,5.9,19,1012.3,387
2025-04-13 00:00:00,13.5,10.9,16.9,0.5,,,8,30,1009.8,46
2025-04-14 00:00:00,15,11,19.5,0.8,,,9.9,32,1008.3,243
2025-04-15 00:00:00,13.8,7.8,19.8,0,,,6.8,33,1001.4,86
2025-04-16 00:00:00,10.3,6.8,15.7,1.5,,,10.1,41,1007.4,8
2025-04-17 00:00:00,8.4,6.4,10,1.9,,,8.1,27,1009.3,0
2025-04-18 00:00:00,7.5,3.6,10.6,0.2,,,6.8,25.9,1015.2,98
2025-04-19 00:00:00,10.1,-0.2,20.9,0,,,7.8,29,1008.8,371
2025-04-20 00:00:00,9.5,3.8,14.8,0.1,,,10.1,47,1008.3,270
2025-04-21 00:00:00,9.9,4.4,16.2,0,,,9.9,49,1013.3,233
2025-04-22 00:00:00,12.4,4.8,18.7,0,,,5.2,24,1018,350
2025-04-23 00:00:00,11,4.7,18.9,17,,,8.3,59,1015.9,260
2025-04-24 00:00:00,10.2,8.7,13.5,0.7,,,8,50,1017.8,68
2025-04-25 00:00:00,10,8.5,13.6,24.5,,,6.6,29,1018.2,60
2025-04-26 00:00:00,11.7,9.4,15.4,0,,,13.1,40,1017.4,106
2025-04-27 00:00:00,11.7,6.2,17.8,0,,,8.3,30,1021.2,213
2025-04-28 00:00:00,14.4,5.4,22.1,0,,,8.6,28,1023.4,385
2025-04-29 00:00:00,16.3,7.7,24,0,,,10,37,1022.6,566
2025-04-30 00:00:00,16.2,6.3,24.4,0,,,6.9,32,1021.2,619
2025-05-01 00:00:00,16.9,7.4,25.5,0,,,2.9,18.5,1019.4,624
2025-05-02 00:00:00,18,7.4,28,0,,,4.5,21,1017.1,599
2025-05-03 00:00:00,17.8,14.1,22.3,2.2,,,9.9,41,1013.4,125
2025-05-04 00:00:00,14,10.3,18.6,10.3,,,11.6,37,1009.5,85
2025-05-05 00:00:00,8.2,7,9.8,15.5,,,17.8,49,1010.2,0
2025-05-06 00:00:00,8.6,6.9,11,1.5,,,17.6,44,1014.2,0
2025-05-07 00:00:00,10.3,7.3,12.6,0,,,13.3,42,1014.1,16
2025-05-08 00:00:00,11,8,15.2,0,,,12.5,38,1013.2,61
2025-05-09 00:00:00,10.5,5.1,15.8,0,,,15.2,40,1016.2,36
2025-05-10 00:00:00,11.9,3.6,20,0,,,7.4,22.2,1018,593
2025-05-11 00:00:00,15.1,5.6,22.4,0,,,11.5,32,1012.7,621
2025-05-12 00:00:00,14.8,10.4,21.1,0.7,,,9.6,41,1011.9,344
2025-05-13 00:00:00,14.5,9.6,19.8,0,,,7,29.6,1015.6,273
2025-05-14 00:00:00,14.4,5.4,21.4,0,,,4.5,23,1016.4,629
2025-05-15 00:00:00,14.6,7.1,22.3,0,,,11.5,43,1014,361
2025-05-16 00:00:00,12.7,6.7,17.5,0,,,12.3,40,1017.2,442
2025-05-17 00:00:00,13.4,8.3,18.2,0,,,5.7,26,1015.8,328
2025-05-18 00:00:00,13.8,6.6,20.2,0,,,5.8,30,1016.2,447
2025-05-19 00:00:00,15.3,5.6,23,0,,,7.4,25.9,1016.1,515
2025-05-20 00:00:00,16.1,11.9,21.7,6.8,,,6.5,28,1015,100
2025-05-21 00:00:00,14.4,11.7,18,7.4,,,8.4,28,1014.6,15
2025-05-22 00:00:00,11.3,10.1,12.5,5.5,,,7.2,25,1013.3,0
2025-05-23 00:00:00,11.9,8.4,16.3,0.1,,,9.6,32,1016.9,194
2025-05-24 00:00:00,12.4,7.6,17.7,0.4,,,7.3,31,1019.4,277
2025-05-25 00:00:00,14.3,10.1,19.2,1.4,,,9.7,35,1017.9,14
2025-05-26 00:00:00,14.3,12.8,16.3,1.7,,,9,36,1019.8,78
2025-05-27 00:00:00,14.1,9.7,18.4,0,,,7.1,31,1022.3,159
2025-05-28 00:00:00,14.3,11.5,17.1,5.1,,,10,39,1021.7,20
2025-05-29 00:00:00,15.8,10,22,4.2,,,8.1,26,1024.2,145
2025-05-30 00:00:00,18.4,8,27,0,,,3.3,22,1022.5,721
2025-05-31 00:00:00,20.7,10,30,0,,,5.7,25,1018.8,599
2025-06-01 00:00:00,20.6,16,28,4,,,10.1,45,1016.6,340
2025-06-02 00:00:00,17.5,15.8,21.4,6.1,,,7.8,35,1017.3,8
2025-06-03 00:00:00,18,15.1,23.5,4,,,5.3,38,1015.5,186
2025-06-04 00:00:00,16.5,12.3,21.4,11.8,,,6.5,72,1012.5,77
2025-06-05 00:00:00,17.3,14.6,20.7,0.4,,,8,34,1014.6,80
2025-06-06 00:00:00,19.2,16.5,23.4,2.8,,,12.8,43,1014.6,159
2025-06-07 00:00:00,16.1,14.6,17.5,29.9,,,7.7,36,1015.3,42
2025-06-08 00:00:00,15.9,11.6,19.3,0.2,,,13.9,52,1018,222
2025-06-09 00:00:00,15.5,9.7,22,0,,,5.6,18.5,1023.6,673
2025-06-10 00:00:00,16.9,8.1,24.4,0,,,6.8,27.8,1019.9,579
2025-06-11 00:00:00,19.1,10.1,25.9,0,,,7.5,24.1,1018.7,642
2025-06-12 00:00:00,21.3,12.8,29.3,0,,,7.4,23,1016.4,673
2025-06-13 00:00:00,23.7,14.2,31.7,0,,,8.1,27,1018.2,632
2025-06-14 00:00:00,24.9,17.3,32.1,0,,,7.5,28,1018.2,570
2025-06-15 00:00:00,21.1,16.2,28.2,7.6,,,8,28,1019.5,222
2025-06-16 00:00:00,18.7,15.7,22,0,,,12.1,35,1025.4,341
2025-06-17 00:00:00,19.4,12.5,25.1,0,,,14,48,1023.6,686
2025-06-18 00:00:00,20.4,11.6,27.9,0,,,5.4,18.5,1022,686
2025-06-19 00:00:00,22.1,12.9,28.6,0,,,10.1,35.2,1021.2,725
2025-06-20 00:00:00,22.6,15.1,28.2,0,,,14.3,35.2,1020.7,685
2025-06-21 00:00:00,21.5,12.8,29,0,,,8.5,27,1019.6,600
2025-06-22 00:00:00,23.3,13,31.9,0,,,6.5,27.8,1017.8,726
2025-06-23 00:00:00,24,20.3,28.2,7.1,,,12.6,57,1014.9,354
2025-06-24 00:00:00,21.9,14,28.1,0,,,8.9,33.3,1016.7,649
2025-06-25 00:00:00,23.7,14.6,32,0,,,4.9,22.2,1014.7,695
2025-06-26 00:00:00,21.4,17.3,26,4.4,,,10.4,55,1016.7,258
2025-06-27 00:00:00,22,15.6,28,0,,,9.2,27,1023.1,453
2025-06-28 00:00:00,23.6,15.7,30.2,0,,,4.7,22,1024.5,825
2025-06-29 00:00:00,25.7,16.3,32.9,0,,,8,27.8,1021.1,834
2025-06-30 00:00:00,25.4,18.1,32.2,0,,,9.3,40,1016.8,646
2025-07-01 00:00:00,26,20.2,31.9,0,,,8.4,38,1015.8,647
2025-07-02 00:00:00,26.4,18.2,33.9,0,,,6.6,31,1014.7,749
2025-07-03 00:00:00,23.7,18.3,28.3,0,,,9.7,47,1020,440
2025-07-04 00:00:00,22.3,18.6,27.3,29.8,,,7,29,1022.6,517
2025-07-05 00:00:00,21.9,14.6,28.4,0,,,7,34,1017.4,773
2025-07-06 00:00:00,19.6,14.8,24.9,0.4,,,9.5,53,1011.9,260
2025-07-07 00:00:00,15.4,14.1,18,5.6,,,11.9,57,1009.1,36
2025-07-08 00:00:00,13.3,11.4,17.6,7.3,,,11.8,48,1015.3,116
2025-07-09 00:00:00,15.9,11.2,21.3,0,,,6.3,20.4,1021.6,410
2025-07-10 00:00:00,17.1,8.6,23.7,0,,,6.8,28,1021,753
2025-07-11 00:00:00,18.6,9.9,26,0,,,5.6,22,1016.9,626
2025-07-12 00:00:00,19.9,11.8,26.2,0,,,8.6,31,1013,764
2025-07-13 00:00:00,21,11.6,28.7,0,,,9.7,41,1011.8,621
2025-07-14 00:00:00,21.3,17.6,25.9,5.1,,,11.1,44,1018,310
2025-07-15 00:00:00,20.7,18,25,9,,,11,38,1019.3,230
2025-07-16 00:00:00,19.3,16.1,22.1,0,,,11.1,40,1018,24
2025-07-17 00:00:00,18.2,12.4,23.9,12.7,,,7,43,1018,621
2025-07-18 00:00:00,19.4,11.2,27.5,0,,,4.6,19,1014.5,737
2025-07-19 00:00:00,19.1,13,28,4.8,,,7.3,64,1010.9,383
2025-07-20 00:00:00,20.3,15.3,27.9,15,,,6.1,25,1007.7,352
2025-07-21 00:00:00,18.5,16.7,21.7,10.1,,,9.4,38,1009.2,192
2025-07-22 00:00:00,19.2,15.2,23.2,2.2,,,12.3,40,1014.2,469
2025-07-23 00:00:00,19.3,12.7,24.5,0,,,5.7,31,1014.2,538
2025-07-24 00:00:00,17.8,16.1,20.3,13.1,,,7.2,22.2,1013.7,88
2025-07-25 00:00:00,17,14.5,21.6,4.2,,,6.6,27,1016.1,130
2025-07-26 00:00:00,17,15,22.3,27.9,,,6,24,1016.1,15
2025-07-27 00:00:00,17.4,15.3,22.1,12.8,,,8,49,1014.8,89
2025-07-28 00:00:00,14.9,14.1,16,11.5,,,8.9,31,1015.8,4
2025-07-29 00:00:00,16.4,13,21.2,1,,,7.9,28,1019.4,344
2025-07-30 00:00:00,15.7,10,20.5,0.7,,,7.9,38,1018.8,177
2025-07-31 00:00:00,17.8,14.7,22.4,1.3,,,7.7,29.6,1018.5,268
2025-08-01 00:00:00,18.6,14.3,23.8,1.1,,,9.6,52,1013.7,256
2025-08-02 00:00:00,15.2,13.8,17.9,18.4,,,9.5,35,1014.7,51
2025-08-03 00:00:00,16.2,12.4,20.2,0,,,5,22,1020.2,81
2025-08-04 00:00:00,17.5,12.8,23.7,0.1,,,6,20,1022.1,156
2025-08-05 00:00:00,19.7,13,27,0,,,9.6,45,1020,302
2025-08-06 00:00:00,17.4,11.6,22.9,0,,,11.2,36,1023.1,514
2025-08-07 00:00:00,19.3,10.7,28.1,0,,,6.3,26,1019.1,620
2025-08-08 00:00:00,22.1,12.5,31,0,,,5.8,29,1019.2,759
2025-08-09 00:00:00,23.3,14.1,33,0,,,4.6,24,1019.7,765
2025-08-10 00:00:00,23.7,17,30,0,,,6.8,36,1022.5,757
2025-08-11 00:00:00,22.4,14.8,28.9,0,,,10.7,32,1020.3,776
2025-08-12 00:00:00,24.3,15.4,32.5,0,,,6.1,21,1016.6,758
2025-08-13 00:00:00,25.2,16.7,33.5,0,,,4.2,17,1016,752
2025-08-14 00:00:00,24.7,18,31.6,0,,,6.4,30,1017.4,699
2025-08-15 00:00:00,23,17.4,31.9,0,,,4.6,24,1019.8,531
2025-08-16 00:00:00,22.7,17.4,28.4,0,,,7.5,32,1018.6,480
2025-08-17 00:00:00,20.9,15.8,26,0,,,9.4,23,1017.5,523
2025-08-18 00:00:00,19.9,12.9,26.4,0,,,10.2,29.6,1016.3,773
2025-08-19 00:00:00,20.8,12.8,29,0,,,5.8,29,1013,676
2025-08-20 00:00:00,19.9,17,22,6.4,,,7.9,28,1009.7,90
2025-08-21 00:00:00,16.6,15.6,18.2,37.6,,,8.6,25,1009.4,0
2025-08-22 00:00:00,18.5,15.1,23.4,0.1,,,8.1,24.1,1015.4,368
2025-08-23 00:00:00,16.2,12,20.5,0,,,7.8,22.2,1018.4,275
2025-08-24 00:00:00,16,9.6,22.1,0,,,6.3,24,1018.8,639
2025-08-25 00:00:00,16.4,8.2,24.5,0,,,4.2,20,1018,728
2025-08-26 00:00:00,19.9,10.8,28.5,0,,,6.6,33,1013.9,597
2025-08-27 00:00:00,20.9,17.9,26.1,2.4,,,7.5,39,1012.1,296
2025-08-28 00:00:00,17.7,15.6,18.9,6,,,7,36,1008.3,2
2025-08-29 00:00:00,17.4,14.1,22.1,10.3,,,7.5,28,1006.8,381
2025-08-30 00:00:00,16.3,13.8,19.9,0.3,,,11.5,36,1011.6,299
2025-08-31 00:00:00,16.8,9.4,24.1,0,,,5,22,1012.7,605
2025-09-01 00:00:00,16.6,13.3,19.4,8.3,,,7.4,64,1010.9,0
2025-09-02 00:00:00,15.7,12.4,20,0.1,,,7.5,31,1013.7,297
2025-09-03 00:00:00,18.1,13.1,24.6,0,,,7.5,24.1,1014.2,439
2025-09-04 00:00:00,17.2,13.9,22,30.1,,,8.9,73,1015.8,99
2025-09-05 00:00:00,14.8,11.1,18.8,3.4,,,7.1,33,1022.2,244
2025-09-06 00:00:00,14.8,8.3,21.6,0.1,,,9.5,33,1022.9,583
2025-09-07 00:00:00,15.7,8.1,24.1,0,,,4.5,18,1018.4,572
2025-09-08 00:00:00,17.2,12.7,22.4,0,,,6.5,28,1016.6,142
2025-09-09 00:00:00,16.6,13.2,19.6,7,,,8.3,36,1014.6,141
2025-09-10 00:00:00,15.6,12.4,19.2,2.9,,,6.4,21,1010.8,239
2025-09-11 00:00:00,15.8,12.1,19.5,1.1,,,9.4,38.9,1013.1,202
2025-09-12 00:00:00,13.9,10.9,17.2,1.6,,,7.2,24.1,1019.9,103
2025-09-13 00:00:00,13.8,7.8,19.9,0,,,5.9,37,1020.1,220
2025-09-14 00:00:00,17,13.7,21,8.2,,,11.4,56,1017.9,209
2025-09-15 00:00:00,20.7,17.1,25.9,0,,,20.5,62,1016.6,412
2025-09-16 00:00:00,15.8,13,18.6,0,,,13.5,47,1022.9,207
2025-09-17 00:00:00,15.2,11.6,19.9,0,,,5.3,22.2,1025,353
2025-09-18 00:00:00,16.3,8.9,25.1,0,,,4.9,20,1025.6,677
2025-09-19 00:00:00,16.4,8.1,26.1,0,,,3.8,13,1025.7,636
2025-09-20 00:00:00,19.2,11.4,27.8,0,,,4.6,22,1020,582
2025-09-21 00:00:00,18.6,15.1,24.1,15.1,,,7.6,30,1014.4,234
2025-09-22 00:00:00,13.6,11.6,16.2,10.6,,,12.8,33.3,1013.7,8
2025-09-23 00:00:00,11.1,10.2,12,7.7,,,12.2,33,1017.5,6
2025-09-24 00:00:00,11.7,10.6,12.9,2.5,,,7.5,21,1016.6,3
2025-09-25 00:00:00,12,9.8,14.6,0.1,,,6.2,22,1018.3,47
2025-09-26 00:00:00,11.4,8.9,14.2,2.8,,,5.7,24.1,1019.3,6
2025-09-27 00:00:00,10.8,8,12.8,10.9,,,4.5,16,1021.9,85
2025-09-28 00:00:00,12,7.1,16.3,0,,,6.9,25.9,1021.2,241
2025-09-29 00:00:00,12.6,9.5,17.3,0,,,6.3,19,1021.5,302
2025-09-30 00:00:00,11.1,7.3,15.8,0.3,,,4.6,45,1023.3,54
2025-10-01 00:00:00,10.3,6.9,14.5,0.1,,,10.8,33.3,1026.5,302
2025-10-02 00:00:00,7.7,2.4,13.9,0,,,10.7,36,1027.5,476
2025-10-03 00:00:00,6.7,0.9,11.9,0,,,4.6,17,1023.7,73
2025-10-04 00:00:00,12.8,7.9,21.8,2.1,,,16.3,82,1012.8,112
2025-10-05 00:00:00,9.5,7.6,12,4.8,,,15.1,51,1019.4,19
2025-10-06 00:00:00,10.1,7.7,13,0.4,,,9.2,28,1027.1,159
2025-10-07 00:00:00,12.4,9.2,17.4,0,,,6.6,25,1026.5,308
2025-10-08 00:00:00,10,6.1,14.3,0,,,5.5,15,1022.8,240
2025-10-09 00:00:00,12.4,8.4,15.1,0,,,5.7,20,1024.1,83
2025-10-10 00:00:00,12.5,8.8,16.2,0,,,11.9,30,1030.8,223
2025-10-11 00:00:00,11.5,8,15.6,0,,,10,41,1032.5,196
2025-10-12 00:00:00,10.2,6.3,15.1,0,,,7.4,26,1028.9,270
2025-10-13 00:00:00,10.2,6.8,12.2,0,,,10.5,31.5,1025.6,154
2025-10-14 00:00:00,11,6,14.1,0,,,9.6,26,1024.2,150
2025-10-15 00:00:00,9.1,3.9,14.6,0,,,9.3,34,1024.6,279
2025-10-16 00:00:00,9.5,7.7,13.7,0,,,9.4,32,1023.2,179
2025-10-17 00:00:00,9.8,5.2,13,0,,,9.1,24.1,1022.8,180
2025-10-18 00:00:00,7.8,0.4,14.4,0,,,9.7,39,1024.4,445
2025-10-19 00:00:00,7.2,1.7,13.4,0,,,4.3,18,1019.3,76
2025-10-20 00:00:00,9.5,5.8,12.9,2.7,,,5,14.8,1008.2,0
2025-10-21 00:00:00,13,9.1,18.1,3.2,,,11.5,44,1003.9,57
2025-10-22 00:00:00,13.5,11.3,16.4,13.7,,,9,24.1,1002.8,0
2025-10-23 00:00:00,11.8,9.1,15.5,15.9,,,20.1,77,998,39
2025-10-24 00:00:00,8.6,6.7,11.4,5.6,,,21.4,77,1009.7,235
2025-10-25 00:00:00,9,7.4,11,13.5,,,13.4,53,1008.8,4
2025-10-26 00:00:00,7.9,5.8,10.7,5.2,,,16.8,49,1012,51
2025-10-27 00:00:00,7.2,5.9,8.8,25.3,,,22.5,71,1012,1
2025-10-28 00:00:00,10.3,7.5,15.4,1.8,,,13.4,50,1016.7,208
2025-10-29 00:00:00,8.4,2.7,13.1,1.8,,,6.4,20,1011.6,295
2025-10-30 00:00:00,10.5,4.7,13.6,2.2,,,8.5,35,1012.6,163
2025-10-31 00:00:00,8.4,2.8,15.4,0,,,4.9,17,1017.1,162
2025-11-01 00:00:00,9.7,5.8,13.6,2.6,,,5.8,18.5,1016.6,36
2025-11-02 00:00:00,10.2,8.2,12.3,19.5,,,8.2,36,1016.9,0
2025-11-03 00:00:00,7.8,3.6,12.7,1,,,7.9,24.1,1025.2,329
2025-11-04 00:00:00,5.1,0,13.1,0,,,3.8,13,1026.2,284
2025-11-05 00:00:00,4.2,-0.3,11.7,0,,,4.7,15,1022.3,129
2025-11-06 00:00:00,2.9,1.1,4.6,0,,,4.1,14,1015.2,62
2025-11-07 00:00:00,3.9,2.1,5.6,0,,,4,12,1013.9,103
2025-11-08 00:00:00,4.5,3.8,5.6,0,,,4,13,1016.5,123
2025-11-09 00:00:00,7.2,5.3,9.6,0.5,,,4.2,17,1019.8,2
2025-11-10 00:00:00,6.5,3.5,7.9,0.1,,,5.5,16,1017.9,53
2025-11-11 00:00:00,7.5,3.1,13.8,0,,,5.1,15,1018.6,299
2025-11-12 00:00:00,4.8,0.2,12.3,0,,,2.9,13,1019.5,120
2025-11-13 00:00:00,6.2,-0.5,17.6,0.2,,,4.3,17,1019.1,324
2025-11-14 00:00:00,6.9,0.9,13.1,0,,,5.8,21,1013.8,223
2025-11-15 00:00:00,11.2,6,17,0,,,6.3,44,1011,149
2025-11-16 00:00:00,7.8,4.2,10.8,0,,,6.1,24,1009.5,1
2025-11-17 00:00:00,6.5,0.5,9.2,6,,,10.4,37,1012,12
2025-11-18 00:00:00,0,-4.5,4.8,0,,,6.2,29,1021.9,226
2025-11-19 00:00:00,1,-2.5,4.3,0,,,6.2,26,1012.8,291
2025-11-20 00:00:00,2.3,0.4,4.2,4.3,,,10.6,43,1011.7,17
2025-11-21 00:00:00,0.2,-1.4,1.7,0.1,,,12.6,32,1019.4,0
2025-11-22 00:00:00,-2.8,-6.9,-0.9,0,,,9.2,32,1028,266
2025-11-23 00:00:00,-2.8,-9.1,2,1.6,,,5.8,27,1018.2,19
2025-11-24 00:00:00,4,1.8,5.7,27,,,8.9,25.9,1002.4,2
2025-11-25 00:00:00,4.1,2.9,5.1,5.3,,,11.8,39,1004.6,11
2025-11-26 00:00:00,2.7,0.3,3.9,4,,,5,20,1017.7,17
2025-11-27 00:00:00,1.5,-3.1,5.1,0,,,5.8,26,1025.7,72
2025-11-28 00:00:00,0,-5.3,4.6,0,,,4.8,20.4,1024.2,129
2025-11-29 00:00:00,4.1,0,9.4,1.2,,,5.1,18.5,1016.9,85
2025-11-30 00:00:00,3,-1.4,7.5,2.6,,,4.9,21,1016,27
2025-12-01 00:00:00,3.9,-0.8,5.3,0.6,,,5,22.2,1020.4,82
2025-12-02 00:00:00,0.3,-2.4,2.5,0,,,5.4,14,1017.6,70
2025-12-03 00:00:00,1.6,0.9,2.5,0,,,5.1,15,1015.4,1
2025-12-04 00:00:00,2.5,1.6,3.9,0,,,5.2,20,1011.4,2
2025-12-05 00:00:00,3.7,2,5.5,3.4,,,4.2,13,1013.2,0
2025-12-06 00:00:00,5.1,-0.2,9.3,0.8,,,9.7,36,1014,15
2025-12-07 00:00:00,8.3,7,9.6,13.5,,,14,38,1016,3
2025-12-08 00:00:00,10,4.2,13.4,5.5,,,11.2,41,1020.8,38
2025-12-09 00:00:00,6,3.1,9.9,0.1,,,5.1,17,1021.1,41
2025-12-10 00:00:00,5.3,1.4,9.8,0,,,4.7,18,1024.8,187
2025-12-11 00:00:00,7.1,5.2,8.4,0,,,4.4,15,1025.7,50
2025-12-12 00:00:00,6,5.2,6.9,0,,,6,15,1025.2,60
2025-12-13 00:00:00,4.5,3.5,5.4,0,,,5.8,15,1030.2,56
2025-12-14 00:00:00,3.3,2,4.3,0,,,5,16,1028.8,17
2025-12-15 00:00:00,1.2,0.6,2.2,0,,,6.7,20,1023.3,49
2025-12-16 00:00:00,1.4,0.5,3.1,0,,,5.6,19,1017.9,1
2025-12-17 00:00:00,2.6,-1.2,7.3,0,,,3.1,13,1023.2,18
2025-12-18 00:00:00,0.9,-0.6,4.2,0,,,4.7,15,1026.2,109
2025-12-19 00:00:00,1.6,-0.3,3.6,0,,,4,13,1025.5,41
2025-12-20 00:00:00,3.5,0.7,9.3,0,,,4.6,13,1019.3,47
2025-12-21 00:00:00,1,-1.9,2.8,0,,,7,24,1013.2,4
2025-12-22 00:00:00,0.9,0.4,1.3,0,,,9.2,21,1011.5,0
2025-12-23 00:00:00,0.8,0.1,1.6,0,,,15.9,35,1014.1,0
2025-12-24 00:00:00,1.5,0.5,2.5,0,,,27.5,75,1017,0
2025-12-25 00:00:00,0.6,0,1.2,0,,,19.4,49,1021.8,24
2025-12-26 00:00:00,-0.3,-0.7,0,0,,,14.9,33,1027.3,32
2025-12-27 00:00:00,-0.6,-1.1,-0.3,0,,,9.5,32,1031.2,23
2025-12-28 00:00:00,-0.3,-1.5,1.6,0,,,10.1,28,1028.9,136
2025-12-29 00:00:00,-0.9,-1.9,0,0,,,4.9,21,1025.1,97
2025-12-30 00:00:00,-0.9,-2.9,1.8,0,,,11.5,29.6,1026.9,67
2025-12-31 00:00:00,-3.8,-7.4,0.3,0,,,7.1,25,1027.7,327
2026-01-01 00:00:00,-4,-10.4,1.8,0,,,8.1,30,1017.2,328
2026-01-02 00:00:00,0.4,-4.7,3,1,,,10.9,50,1008.1,2
2026-01-03 00:00:00,-1.8,-5.6,0.4,0.1,,,9.6,34,1010.8,222
2026-01-04 00:00:00,-6.1,-11.3,-1,0,,,3.8,16.7,1015.9,312
2026-01-05 00:00:00,-5.1,-9.2,-2,0,,,4.1,17,1016.6,220
2026-01-06 00:00:00,-8.4,-13.8,-4.5,0,,,3.5,13,1019.8,107
2026-01-07 00:00:00,-4.7,-8.5,-2.3,0.2,,,6.1,21,1017.8,192
2026-01-08 00:00:00,0.5,-2.1,3.3,12.3,,,14.8,36,1012.6,1
2026-01-09 00:00:00,5,2.2,6.6,3.7,,,23.8,63,1001.2,50
2026-01-10 00:00:00,1.1,0.2,2.5,7.8,,,18,54,1009.3,1
2026-01-11 00:00:00,-0.7,-3.1,0.8,0.5,,,5.1,22,1025.4,74
2026-01-12 00:00:00,1,-2.8,4,0.1,,,8.2,23,1021.3,4
2026-01-13 00:00:00,2.1,-0.4,7.1,0,,,5.5,20,1018.4,205
2026-01-14 00:00:00,2.4,-3,10.9,0,,,4.5,20,1020.1,251
2026-01-15 00:00:00,4.3,0.1,11.2,0,,,5.1,19,1017.9,218
2026-01-16 00:00:00,-0.2,-2.4,1.9,0,,,4.2,13,1019.1,111
2026-01-17 00:00:00,0,-3,3.1,0,,,6.6,18,1020.9,38
2026-01-18 00:00:00,-0.2,-0.8,0.4,0,,,8.9,26,1021.6,10
2026-01-19 00:00:00,-0.9,-1.8,0.6,0,,,3.5,14,1022.2,67
2026-01-20 00:00:00,-2.1,-3.5,-0.3,0,,,5,15,1021.2,107
2026-01-21 00:00:00,-3.3,-4.7,-0.4,0,,,3.8,14,1010.1,105
2026-01-22 00:00:00,-2.9,-4.9,0.7,0,,,4.5,13,1001.5,30
2026-01-23 00:00:00,-1.4,-2.6,-0.4,0,,,3.8,13,999.9,42
2026-01-24 00:00:00,1,-1.4,2.7,0,,,7.5,25,1002.3,111
2026-01-25 00:00:00,2.3,0.8,4.8,0,,,6.6,22,999.4,2
2026-01-26 00:00:00,3.3,0.5,6.1,0.8,,,10.3,33.3,1003,24
2026-01-27 00:00:00,-0.1,-6,4.4,0.1,,,5.2,19,1001.7,25
2026-01-28 00:00:00,2.3,1,4.2,4.7,,,5.7,15,993.2,8
2026-01-29 00:00:00,3,1.6,5.3,0.6,,,7.1,22,999.6,11
2026-01-30 00:00:00,1.1,-2.3,3.2,2.9,,,8,22,1001.9,15
2026-01-31 00:00:00,1.2,-2.5,3.2,0,,,5.3,18,1005.5,44
2026-02-01 00:00:00,2,-0.9,6.2,0,,,6.9,18,1010.5,60
2026-02-02 00:00:00,2.5,-0.8,7,0,,,6,21,1003.3,51
2026-02-03 00:00:00,3.8,-0.8,8.9,1,,,10.6,52,1000.6,82
2026-02-04 00:00:00,0.1,-2.6,3.6,0,,,5.8,22,998.5,90
2026-02-05 00:00:00,0.7,-1.2,3.9,0,,,6.9,18,993.8,93
2026-02-06 00:00:00,5.2,-0.2,9.7,2.2,,,10.2,36,995.2,101
2026-02-07 00:00:00,6.7,2.1,11.1,0.2,,,4.8,20,1005.3,100
2026-02-08 00:00:00,1.9,-2.4,5.2,0,,,4.4,22,1008.6,125
2026-02-09 00:00:00,3.1,-1.3,5.4,0,,,4.6,25.9,1008.3,91
2026-02-10 00:00:00,1.9,-3.1,5.3,2.1,,,5.9,18.5,1002.4,0
2026-02-11 00:00:00,6.9,4.1,8.2,14.2,,,18.8,50,994,3
2026-02-12 00:00:00,7.5,6.2,9.9,8.1,,,18.7,48.2,989.1,52
2026-02-13 00:00:00,7.4,5.4,11.3,1.2,,,14.2,46.3,995.2,122
2026-02-14 00:00:00,4.9,2.1,7,3.5,,,10.5,27,1001.2,7
2026-02-15 00:00:00,1.9,0.4,3.9,6.8,,,7.5,34,1014.6,58
2026-02-16 00:00:00,5.3,3.1,7.8,21.6,,,19.9,69,1003.1,34
2026-02-17 00:00:00,3,0.7,5.6,11.1,,,13.7,54,1012.4,84
2026-02-18 00:00:00,-0.2,-2.3,1.2,8.8,,,4.8,14.8,1013.8,0
2026-02-19 00:00:00,3.6,1,6.2,7.7,,,6.5,19,1003.7,0
2026-02-20 00:00:00,5.4,3.7,7.9,3.8,,,7.4,32,1021.1,10
2026-02-21 00:00:00,6.8,5.2,8.9,4.2,,,19.4,48,1028,0
2026-02-22 00:00:00,7.9,4.2,11.3,0,,,9.8,27.8,1026.8,181
2026-02-23 00:00:00,9.9,7.2,13.6,2.6,,,10.5,38.9,1022.8,87
2026-02-24 00:00:00,11.3,6.2,15.3,0,,,7.8,29.6,1021.9,153
2026-02-25 00:00:00,8.3,4,14.3,0,,,4,14,1023.4,329
2026-02-26 00:00:00,8.4,0.3,18.4,0,,,5.2,25,1026.2,442
2026-02-27 00:00:00,9,0.9,19,0,,,3.4,16.7,1023,538
2026-02-28 00:00:00,7.6,2.4,11.5,0,,,8.7,28,1024.2,171
